Id,TARGET_5Yrs
0,0.4805986594052342
1,0.3978706220647759
2,0.7256756303342937
3,0.7672208820473853
4,0.41477599583050123
5,0.6717792559205592
6,0.36744490969384674
7,0.4224700357676305
8,0.5475656401493935
9,0.22493955983386132
10,0.5323562595027337
11,0.7112333583436041
12,0.40910368774090106
13,0.7561286894909465
14,0.8313311736542823
15,0.7093600441429455
16,0.7270745176217965
17,0.5066404637402954
18,0.25216085285510725
19,0.7115506055864625
20,0.8984513868409137
21,0.9425200059167889
22,0.6618491504662383
23,0.43078902301142397
24,0.6419749487328796
25,0.7636749252361604
26,0.5854936785185338
27,0.8734000933128623
28,0.6693179065181238
29,0.5677475953021255
30,0.5814043185107516
31,0.465149278344621
32,0.43448450997018073
33,0.3289458638781897
34,0.3344541112961722
35,0.30597539881994956
36,0.3351464508009019
37,0.2949337869640634
38,0.4838331667568909
39,0.7852193180960574
40,0.8508285667089736
41,0.5023324847041943
42,0.4395565533463843
43,0.45968488723441053
44,0.511772370446939
45,0.5996221561265858
46,0.4703583630711824
47,0.4413790914290342
48,0.3970004693753653
49,0.37706913271668346
50,0.44520422672630816
51,0.4677813847491925
52,0.7154697296706793
53,0.20079596419279175
54,0.86939685601285
55,0.47778851782081044
56,0.6468649390595342
57,0.17976203301483867
58,0.643259357715616
59,0.9037188213634988
60,0.7545629655412378
61,0.5221869386106606
62,0.5238041444263242
63,0.8739924050853297
64,0.5953837340186473
65,0.20460002139629951
66,0.45058086644017964
67,0.2921197633570336
68,0.3847879062090143
69,0.558630786287523
70,0.8029160427478544
71,0.7430419322826658
72,0.5729375255425843
73,0.36647555573665686
74,0.5086129826333917
75,0.4773860255848896
76,0.43551073156129455
77,0.48406732406557784
78,0.6372007975619516
79,0.8036587320322579
80,0.7440652984859585
81,0.6329778061361272
82,0.6057374535056301
83,0.37386394444146326
84,0.38834125654324814
85,0.1619567190083274
86,0.45272210092830956
87,0.4437662470838438
88,0.32394652621235587
89,0.42585347775283555
90,0.6788585605510189
91,0.2653024541596414
92,0.7414833901041276
93,0.7884986403859573
94,0.4832833187539913
95,0.783165157530647
96,0.8327041858284571
97,0.8007923225792112
98,0.20506571221708075
99,0.6557177771198484
100,0.6097912348156422
101,0.6721222884512792
102,0.8105237834742685
103,0.5284774936093767
104,0.5625390636280241
105,0.6511361787811096
106,0.7406429505474247
107,0.24008196000244936
108,0.6846910204484998
109,0.34590974508361433
110,0.7998719059072837
111,0.4946574857550212
112,0.24885866904501613
113,0.7457120939921774
114,0.6401636578208756
115,0.856915053651901
116,0.4727878681599336
117,0.29713144815420706
118,0.44613663491062383
119,0.3846442825651756
120,0.7519862778488989
121,0.3299613824688357
122,0.7535172778673243
123,0.6493909365444273
124,0.5092479863223599
125,0.7417295331378585
126,0.4775557380850645
127,0.6334076086674005
128,0.6717790622729445
129,0.40667885543239635
130,0.5858042630602021
131,0.7960093505758894
132,0.4392741042385771
133,0.5208196957479164
134,0.5749082717918309
135,0.5798277632662058
136,0.6895210108182646
137,0.7674913061960424
138,0.6413688634041358
139,0.40410927885062636
140,0.7435323279521311
141,0.7445678121590824
142,0.4184546870321874
143,0.42478267250334323
144,0.3671022132555082
145,0.5763006963717263
146,0.29474916468587997
147,0.3316518265014324
148,0.7524020001844275
149,0.3382253284419631
150,0.6605053161581903
151,0.5309885052432902
152,0.41117157029977724
153,0.7379201493073834
154,0.722780914019742
155,0.7701442012032415
156,0.2291936166500613
157,0.5152570847180894
158,0.8598530015384133
159,0.26625929571219814
160,0.40587166364933497
161,0.7841010079170442
162,0.39968315569639595
163,0.37536117963975324
164,0.5699164827212198
165,0.7763476264516576
166,0.8350416152006543
167,0.4064252387345136
168,0.7972778598110619
169,0.810005898531099
170,0.32001196293857065
171,0.3565063948598429
172,0.7109806574564173
173,0.7501218136868041
174,0.7133092219295902
175,0.7119659123689308
176,0.4151693919023237
177,0.4512992892683721
178,0.42881730596306883
179,0.33499073488009584
180,0.5631878218476399
181,0.9532475813072692
182,0.7688707223983866
183,0.3013937363911484
184,0.6611015213268647
185,0.27871927359980836
186,0.14697344048870892
187,0.6440948937178811
188,0.7550348266280091
189,0.3665661314045855
190,0.32229855151319975
191,0.4815040082061968
192,0.42528595530367
193,0.5594646932432907
194,0.7253340494152313
195,0.37725753633558085
196,0.8074219343438833
197,0.44050845673980055
198,0.39348523241615296
199,0.3804170809462592
200,0.4124203673773127
201,0.5007460484459652
202,0.23042606887384584
203,0.5531969622914387
204,0.340025355225429
205,0.21256420140200633
206,0.4385606257288725
207,0.7523389512915728
208,0.4195728264782413
209,0.8091588804488622
210,0.5368304330182713
211,0.7460473085873376
212,0.8281209005766071
213,0.7283583182419107
214,0.6521632529753958
215,0.7878723514891447
216,0.4186982312269854
217,0.3091125094428853
218,0.3960649346377983
219,0.7211689297817961
220,0.9033633624362708
221,0.5535749125174714
222,0.5139906500202823
223,0.25221104455569204
224,0.7219451506906547
225,0.3875395993619616
226,0.62622429734019
227,0.7062908367261538
228,0.3688758831330406
229,0.440941140602968
230,0.6780347150300249
231,0.41984000173477853
232,0.42101939700731295
233,0.7626638719263931
234,0.551255916793984
235,0.8981563118363406
236,0.639698150957838
237,0.3026026081858401
238,0.5706013538237203
239,0.8086193307641164
240,0.894084321387612
241,0.6207631691797396
242,0.6507476962550729
243,0.5993075586658038
244,0.7847570623934574
245,0.44678329822071755
246,0.19725475053575725
247,0.4147512724372242
248,0.3397913629528753
249,0.564487672790267
250,0.21123084874138356
251,0.6858525789842489
252,0.5716641679980378
253,0.8482308288321041
254,0.5989838094509825
255,0.6380064499621155
256,0.4298089934235403
257,0.6140340949272388
258,0.3482406705598429
259,0.6018900356899651
260,0.7352054226348451
261,0.2534894531012167
262,0.7196434591661545
263,0.28456832362268686
264,0.1801602536340976
265,0.5570422820585326
266,0.6229788380406807
267,0.41791994621694634
268,0.5259824206619923
269,0.480489545010768
270,0.5120427119982636
271,0.4502500165913452
272,0.28503743557546757
273,0.5567634992039033
274,0.5410579943097945
275,0.546068632022138
276,0.4907196264159474
277,0.7701035938314402
278,0.8865646266885976
279,0.22534617533182544
280,0.4778833815938081
281,0.5452152079727068
282,0.7575904589164787
283,0.7168392801794068
284,0.48528029936150074
285,0.7338137232923042
286,0.3480768747132128
287,0.6822418498936201
288,0.8178067666970052
289,0.819508274189716
290,0.557427228598186
291,0.2949499520100332
292,0.7032512730559723
293,0.43926463751166506
294,0.5183427319402332
295,0.23443685583608603
296,0.517186148004167
297,0.7658118292672855
298,0.8654150224756033
299,0.5680699583151482
300,0.27792983520866693
301,0.8294196842512409
302,0.41606393844938055
303,0.7633638633916251
304,0.6812577242162339
305,0.5975795036504096
306,0.6970945018572551
307,0.25717529720106475
308,0.3693771568421601
309,0.4779631615851242
310,0.6780889698979903
311,0.5721284602019314
312,0.38290865071700786
313,0.5174272938995359
314,0.3196394398336043
315,0.5945406281223186
316,0.8102587559938448
317,0.6964250107395547
318,0.3672535190366425
319,0.5700382095357177
320,0.44814337272854565
321,0.838256072642567
322,0.40858201199713445
323,0.5011181699154839
324,0.2994816518564933
325,0.6215411860154023
326,0.778317907721084
327,0.38026480353841074
328,0.7102608972864944
329,0.29947628242829233
330,0.6754443830797858
331,0.49246699735454474
332,0.5582965845201577
333,0.6702619466877335
334,0.5495010494677933
335,0.41777938899133904
336,0.715571611360461
337,0.6794216804099289
338,0.611333849261011
339,0.4285607907146381
340,0.7638652727913996
341,0.38168481821516553
342,0.6871834767479277
343,0.2396296318026185
344,0.7749282617718403
345,0.6373135265842368
346,0.36822776290762194
347,0.5958901407816801
348,0.33251027811565875
349,0.7526720021900726
350,0.4715494143696045
351,0.32115323584952343
352,0.617707525562893
353,0.696528619957553
354,0.7118632118591924
355,0.68287259739675
356,0.3593239570534035
357,0.42351412185659343
358,0.5574736359612139
359,0.5390309438031978
360,0.4699448175664902
361,0.3657698252080516
362,0.1746838238047793
363,0.6940399929388889
364,0.5174005774857036
365,0.27239190553411774
366,0.589310161078699
367,0.6991848508523374
368,0.2980537053190347
369,0.7329803444750239
370,0.7367947864235477
371,0.4468147789619084
372,0.761536788039571
373,0.6136293396441757
374,0.931313529809031
375,0.8644028160331775
376,0.6467443228373256
377,0.3977430620667876
378,0.3585349873384975
379,0.13806536415527704
380,0.5141612850821404
381,0.5722038294396575
382,0.4868628773280728
383,0.6152780434143548
384,0.42022880244190575
385,0.14478055816560442
386,0.4553648119137256
387,0.7885796489604814
388,0.4868780184871233
389,0.5830084918398345
390,0.6105004915342007
391,0.5003661507835852
392,0.4690726308865183
393,0.7297895052428234
394,0.2977830111385367
395,0.6319319773623839
396,0.3220327252153481
397,0.6547804394630048
398,0.4251104144681499
399,0.7847285270993375
400,0.3130223517870624
401,0.6506211256984236
402,0.6888065711227057
403,0.7541799691732245
404,0.5065415090895401
405,0.15517519639059763
406,0.8067762364877383
407,0.5402577258990382
408,0.6695608597862032
409,0.5924901841861179
410,0.6644043370454042
411,0.5624371490474104
412,0.7118304643566109
413,0.8265855274878066
414,0.41797006349796
415,0.8790553673662183
416,0.7308105380673848
417,0.6486586061512515
418,0.5078538269259191
419,0.6978912024703635
420,0.5890939593154703
421,0.5768136719410404
422,0.6067058586369466
423,0.5622698631006824
424,0.30889829302610206
425,0.6224504263566554
426,0.3623837463463941
427,0.38765795875714687
428,0.5561009805804185
429,0.49883733386529716
430,0.4229023094220665
431,0.501076337261683
432,0.5256692661631548
433,0.7705051181404731
434,0.6667925376280461
435,0.8192574453376711
436,0.4990798282129676
437,0.3437184161228632
438,0.6070505055617407
439,0.3743642937920677
440,0.5764609319727716
441,0.8221236602963492
442,0.7818148279320022
443,0.3960892532255717
444,0.22907927861554833
445,0.5533136354686008
446,0.4176243134225129
447,0.3009195736581087
448,0.39810777218157306
449,0.47189128163449257
450,0.7252387189045292
451,0.5546212321484699
452,0.6501873618734844
453,0.576967144704781
454,0.8454112936932691
455,0.5495927260704129
456,0.7050424376682293
457,0.7391270763202518
458,0.6294748887449884
459,0.3188524885201601
460,0.37818680365377755
461,0.3650980815148953
462,0.46755040666031744
463,0.4073480615012984
464,0.8301478811514721
465,0.5185967172556013
466,0.5723782515822987
467,0.6693737141724571
468,0.7252462880220164
469,0.18196699173564593
470,0.753127881899681
471,0.7680547410963048
472,0.784710835288122
473,0.7505472868355545
474,0.545333561590988
475,0.5982331111838
476,0.6968281314817135
477,0.3568853764926186
478,0.4499678621453487
479,0.8899766714356173
480,0.633737546207341
481,0.41983869790138023
482,0.6100376045803796
483,0.44916275490311375
484,0.22316389485212346
485,0.43698228553896795
486,0.5471008323237523
487,0.6187751445221515
488,0.4249375967671131
489,0.3670405247965119
490,0.41656927367947905
491,0.63775291342782
492,0.2336207631729477
493,0.6217884968283816
494,0.6632650781993997
495,0.7495925858854301
496,0.42699697246538887
497,0.5414603362626196
498,0.38078705553954306
499,0.580793427510216
500,0.5652686225022714
501,0.38235683705266205
502,0.9238758594867252
503,0.3312807471819435
504,0.7189629867134725
505,0.46407987016414326
506,0.3465805601405406
507,0.6133174485558226
508,0.6685770790192095
509,0.3722259357986705
510,0.4497323197061582
511,0.7169957862841194
512,0.28410420325983443
513,0.4811411821141041
514,0.48449378267430165
515,0.7727355060222127
516,0.4694558730163141
517,0.5465621121234441
518,0.5025173001919382
519,0.562204295470013
520,0.8809076934717089
521,0.4681637938129753
522,0.7029653932509865
523,0.31443877811183135
524,0.3532438616922468
525,0.1922128420050972
526,0.6693469407116684
527,0.6680375895610073
528,0.492777498879083
529,0.5778342331392748
530,0.7072480932164098
531,0.7423222253353059
532,0.4481398001340043
533,0.524076183753981
534,0.8327281943153659
535,0.22965217707669008
536,0.47238932579055226
537,0.6168119717468941
538,0.31864730262902236
539,0.4960166478653739
540,0.456309126754645
541,0.43199355415613955
542,0.6248235815419614
543,0.5736260702569974
544,0.47967482341360745
545,0.7295450983298251
546,0.7652629104592656
547,0.42184750893587536
548,0.32111996239131807
549,0.371222432667237
550,0.47974587564331
551,0.7324421106023897
552,0.3229992588071933
553,0.43914966479960515
554,0.36009713539597776
555,0.5623357855288227
556,0.5477785029313095
557,0.28751249316885674
558,0.5404267590814636
559,0.4658621232315354
560,0.4502989779167498
561,0.6836889462044415
562,0.8438355270092646
563,0.37778874604347673
564,0.21926065281473522
565,0.45735529137689857
566,0.5263208474434506
567,0.42805780476235566
568,0.5788133730779033
569,0.5525002459808217
570,0.6322677126770697
571,0.7028645603897753
572,0.5660058851284018
573,0.5951372757546736
574,0.6709912035534826
575,0.4640087198196178
576,0.2707028885841636
577,0.635121751473257
578,0.6476777526205109
579,0.7478196971831571
580,0.4964498609384852
581,0.629946703652168
582,0.49260616837476967
583,0.24552293898005517
584,0.4201464482777094
585,0.5246052411089007
586,0.33143936048816497
587,0.9441467103122216
588,0.8440349226345204
589,0.5989840595192544
590,0.8152013342137046
591,0.5027109339047958
592,0.7370034729828588
593,0.6458844097270117
594,0.29620742346006446
595,0.3801378400711002
596,0.8054697854007022
597,0.5008161244439506
598,0.46895211256245084
599,0.33766777235218687
600,0.8068784890750677
601,0.4814919210498445
602,0.7783125224530472
603,0.6049735751953127
604,0.6546997726465361
605,0.3087608035746431
606,0.7100176287986033
607,0.5809825935407736
608,0.3937111096064444
609,0.7369725525499283
610,0.5320557557845401
611,0.5820849669653113
612,0.44577399531075407
613,0.8227189095399251
614,0.505836401174288
615,0.5600489714276246
616,0.6448810150913211
617,0.605208639323219
618,0.4116122398690995
619,0.517253271882256
620,0.8438268439471107
621,0.6889673125789566
622,0.6779103762226334
623,0.5929391404136157
624,0.8190504405284836
625,0.5523938911345181
626,0.7160241682222791
627,0.7414241225784136
628,0.6693957090677645
629,0.8495650636316665
630,0.6525049771359138
631,0.7842257449668035
632,0.5711148096621597
633,0.2535475094586192
634,0.6974693330442069
635,0.48528244963956957
636,0.5860754509444995
637,0.4508177409669749
638,0.35791722416672406
639,0.749594850974603
640,0.8823438849648134
641,0.5602234398409398
642,0.5114930798303785
643,0.7126392647266636
644,0.46803077177834745
645,0.5553289782203485
646,0.40638712202962124
647,0.35411340909193806
648,0.5639019532746667
649,0.7328311109752486
650,0.44871924287518056
651,0.4629053119758792
652,0.3789180857280481
653,0.6068529981001827
654,0.5142756485500978
655,0.4566308333023326
656,0.1070012228969949
657,0.5824287100873851
658,0.5329468100329245
659,0.7422558942037893
660,0.6075795373019537
661,0.3950099835537394
662,0.34780334259006285
663,0.7081235606799525
664,0.4609742309057986
665,0.450540585188295
666,0.6249182914213396
667,0.564030019959784
668,0.523794037677564
669,0.27050913399090026
670,0.789773864286978
671,0.4744082199474256
672,0.5491738088958187
673,0.65210611470973
674,0.3254683826435333
675,0.5819854762355964
676,0.5969280396959956
677,0.20572974561521634
678,0.5362451785031751
679,0.2471618137802453
680,0.5265023971204817
681,0.8463034493952892
682,0.35782043322998736
683,0.5553559226281477
684,0.872286547416835
685,0.4829600313489806
686,0.32370239828226993
687,0.7042354185951483
688,0.5832273004700094
689,0.17090087719436417
690,0.46221340954227075
691,0.21486921237264642
692,0.8468755289799899
693,0.6533873895606159
694,0.8152980362351662
695,0.6030111134591741
696,0.4609583947907449
697,0.48839972847577906
698,0.6768514270157968
699,0.5110618789012227
700,0.7175476084882163
701,0.3957398455064043
702,0.6308829337154922
703,0.4076902961041336
704,0.43315855165325573
705,0.324715765299054
706,0.6495296656221804
707,0.6186066695930066
708,0.20181706787719575
709,0.2981793225019645
710,0.5994002030598145
711,0.6007636065471628
712,0.8265700870108235
713,0.67913954466984
714,0.5520449351775855
715,0.6335887074583632
716,0.8529480335388131
717,0.5515264264872215
718,0.8111446767656705
719,0.2461752318252891
720,0.6842599759022104
721,0.8667322364021187
722,0.5771984743478229
723,0.5129111368287036
724,0.5608335985644466
725,0.32667327317277317
726,0.7907379265626603
727,0.3742346449516987
728,0.8314350565420152
729,0.4119963595777305
730,0.6734289119040915
731,0.4394056972118956
732,0.3024813697661579
733,0.29272442364147483
734,0.4900446269354774
735,0.3971722615595294
736,0.5315394922076925
737,0.6825520068561662
738,0.5488481527551625
739,0.4483970235377838
740,0.5490585988810541
741,0.5159219948861993
742,0.7751276819100035
743,0.6590054415842707
744,0.46529733983283333
745,0.8098935227141604
746,0.6228714952144709
747,0.526891530765667
748,0.5354762385496965
749,0.3465253500573636
750,0.44819236723204176
751,0.3362492702596187
752,0.4842156033033116
753,0.6169112705503796
754,0.2704757518784085
755,0.5330843218833253
756,0.8874651149675121
757,0.4358528033693741
758,0.4355009713257633
759,0.6244597899481453
760,0.25615932708076133
761,0.2957758102199473
762,0.25693632232703334
763,0.7558099915721369
764,0.6577831780590289
765,0.6319451220755298
766,0.39397776551971975
767,0.8011227225501634
768,0.37193750048986546
769,0.7852520959473264
770,0.7791880102549358
771,0.6833607539990529
772,0.8588640584969611
773,0.3115449025950351
774,0.28301561464954117
775,0.8296486478955952
776,0.8623392411290443
777,0.6153795007516322
778,0.2597053399201789
779,0.47277929834662946
780,0.6627362100821528
781,0.7229435829183273
782,0.8103154311779652
783,0.748135408452495
784,0.5630541241938272
785,0.6994164009516868
786,0.581345525869715
787,0.7388408318611389
788,0.4786258486759671
789,0.7434074361271188
790,0.723660557438873
791,0.5554857968911678
792,0.40819557562250053
793,0.6918000686872638
794,0.5713421410307781
795,0.2718938399009584
796,0.20762740573792277
797,0.5745089526293664
798,0.4526718665843531
799,0.6860694230825808
800,0.5227467215967322
801,0.4275223405529626
802,0.6194403272286148
803,0.5071958671266747
804,0.4430127070071203
805,0.6633287212156
806,0.5469723016030836
807,0.8147927202425672
808,0.6915266745412831
809,0.42337929704004373
810,0.6882726763345277
811,0.4968126011105766
812,0.8737616568490184
813,0.5379052201712894
814,0.6422011639072718
815,0.572998926537446
816,0.47622758008404187
817,0.5652411051009834
818,0.5849624841419306
819,0.4916931905836764
820,0.5916505418856233
821,0.7089040647112292
822,0.23928622078266698
823,0.34745894429059293
824,0.19354805163512612
825,0.37599910970060435
826,0.6440075724723138
827,0.25899211344351314
828,0.5539335235771568
829,0.625367552185758
830,0.5921509158131217
831,0.5063580716191984
832,0.3965379082534245
833,0.7663870448749246
834,0.35905800646475705
835,0.712792097367244
836,0.151834925493167
837,0.6621712108062301
838,0.25873725869587627
839,0.5668899588645359
840,0.8026293797204118
841,0.6580020814430914
842,0.45397276625864197
843,0.351085480019648
844,0.5002299871951348
845,0.4358469962143119
846,0.7169659629410521
847,0.4068130082299232
848,0.31727721972216294
849,0.5096115562917819
850,0.6070187442694615
851,0.5874640102041846
852,0.5129379059909975
853,0.5350640121759136
854,0.48577585608554474
855,0.44002932342409723
856,0.6223921922410598
857,0.4469765911353226
858,0.602312981650252
859,0.7698978322662333
860,0.6817085477935914
861,0.6308592130038739
862,0.4374040647074512
863,0.5131355037958494
864,0.6924652604191343
865,0.39153888471123804
866,0.522195813162373
867,0.4053740154293597
868,0.39342558267371813
869,0.8202815555365628
870,0.3513352694722844
871,0.6963801539701456
872,0.6320032168261549
873,0.47484882331633876
874,0.2544390042136356
875,0.458526794611662
876,0.5102851604320883
877,0.5623240474013769
878,0.5632204735428336
879,0.4276425808192062
880,0.33692298659957
881,0.16052799923372688
882,0.5315281577340005
883,0.4815609280872968
884,0.7272980694052051
885,0.7681783568964307
886,0.4007650692665651
887,0.688209507564545
888,0.7807356805756125
889,0.39208946410163475
890,0.5859726805151324
891,0.5779519590438755
892,0.536949911283034
893,0.7678297762528689
894,0.3328312022598714
895,0.6193828301960013
896,0.491952383843538
897,0.5520037668033473
898,0.5447756117752016
899,0.3874187584216374
900,0.3924037155134647
901,0.5220211589020299
902,0.4908790649484171
903,0.432841876161555
904,0.42189012308461726
905,0.6362507791283847
906,0.6598423564642453
907,0.3800747271348688
908,0.4354131190564479
909,0.24032335030362964
910,0.33389101606174604
911,0.8027804174889424
912,0.3635373353538363
913,0.38333582946190153
914,0.6350335559131096
915,0.39065128779078584
916,0.4498733818239234
917,0.4406664636081638
918,0.7924197751968132
919,0.3443189294485805
920,0.33819439302644677
921,0.49544400236852737
922,0.859491861853431
923,0.3107952604724995
924,0.32557015104261666
925,0.4773102139725567
926,0.4700413210977796
927,0.15822762533597964
928,0.3851778036054214
929,0.5691325708833587
930,0.35011551505666993
931,0.6909234850838653
932,0.5127611742181085
933,0.5497267900350605
934,0.6565535179708963
935,0.5807311359247445
936,0.5223352338858599
937,0.2656005449466797
938,0.6129918027609501
939,0.6004882690600378
940,0.5877127427328196
941,0.5989295592817042
942,0.3976673348570032
943,0.6354565518308448
944,0.36295839079385533
945,0.6508352144126569
946,0.8609276593382303
947,0.415219887223347
948,0.5788202912036645
949,0.44622158518299965
950,0.5686905623290137
951,0.636862680467632
952,0.7844521639545073
953,0.38465865921743253
954,0.5261000648964365
955,0.6498855580568563
956,0.7198683786982801
957,0.5303637399201268
958,0.5307642421329812
959,0.6091617938873212
960,0.5686428086829438
961,0.4526909350086399
962,0.4326315058352677
963,0.4228658188982068
964,0.16812192399004602
965,0.8973765189594296
966,0.5154898769306799
967,0.6033165997942063
968,0.6986262512484843
969,0.5383938296712059
970,0.7581749012769754
971,0.6666015240776343
972,0.3117917778126348
973,0.6031328861457231
974,0.468051262615941
975,0.43646926569759836
976,0.3611625014657151
977,0.7366269199566704
978,0.15946903118159256
979,0.8253213542711187
980,0.7355095004831077
981,0.4307784280410919
982,0.24271949806540463
983,0.5894905986967841
984,0.6649409119741791
985,0.6058111580979222
986,0.5521601531036769
987,0.6848501902302518
988,0.542502636494613
989,0.8612311672239713
990,0.5470465165999993
991,0.804652834745256
992,0.4667776766779401
993,0.6584243286241402
994,0.8390009355454565
995,0.8418901200155221
996,0.6069666984242407
997,0.24362141984372085
998,0.2242676453401782
999,0.6457541246043228
1000,0.291099170971845
1001,0.5878430539146007
1002,0.47981740534446765
1003,0.2529591174209338
1004,0.3653955589355155
1005,0.5350924026467281
1006,0.691348353428614
1007,0.6019966322250325
1008,0.6966934854457855
1009,0.6018172408548421
1010,0.6033907545577445
1011,0.6161652619751922
1012,0.2558409965468223
1013,0.7592286657693484
1014,0.6426762321166445
1015,0.2125660226767569
1016,0.3513992754113717
1017,0.43385380433322446
1018,0.8031154411274426
1019,0.6624068527030239
1020,0.6923067620994626
1021,0.6421973069236214
1022,0.5894360167209576
1023,0.37856207299111605
1024,0.2705283031489074
1025,0.26595182123835165
1026,0.4759289148517148
1027,0.31196052026022697
1028,0.5851033129104226
1029,0.6323872131805045
1030,0.2885768388294094
1031,0.3475565290535212
1032,0.6870440783352062
1033,0.4276062917877457
1034,0.46731179400433986
1035,0.3861827473033043
1036,0.7177527240916612
1037,0.24995153829807729
1038,0.8542700889363622
1039,0.4247574081482242
1040,0.6753852093702307
1041,0.7154287771570609
1042,0.5334324083900981
1043,0.7234162725888892
1044,0.4508463658894531
1045,0.8165932143108836
1046,0.6227439881550642
1047,0.6596062199183078
1048,0.4395914770526866
1049,0.7706457632239977
1050,0.7001213710993227
1051,0.5647356805481045
1052,0.6085550149488025
1053,0.5275722898106517
1054,0.6961808550039428
1055,0.18703852376773064
1056,0.4806546334480467
1057,0.5609968784463257
1058,0.5395446007479621
1059,0.5272569708275782
1060,0.8141412470659495
1061,0.5149014617064088
1062,0.257580969205031
1063,0.37851755719440333
1064,0.7178948622150553
1065,0.28911607239640025
1066,0.6542473520034683
1067,0.3986444505215394
1068,0.8511018547376249
1069,0.7826279981203711
1070,0.8802343860863354
1071,0.390285304529606
1072,0.6202265690754317
1073,0.7899327873519775
1074,0.7209669032385165
1075,0.6086704699270536
1076,0.3150518604566318
1077,0.42848846717573896
1078,0.6116916570270196
1079,0.5054068252312387
1080,0.8467337869935808
1081,0.8170135310360941
1082,0.7210449653222237
1083,0.41904787833932633
1084,0.9095891587572899
1085,0.44957461183615205
1086,0.31110562409819925
1087,0.47609580355107095
1088,0.5298530313863798
1089,0.5290338108571294
1090,0.4887919255382946
1091,0.20325292640711637
1092,0.6325783754164043
1093,0.5378694636903771
1094,0.23749001947652829
1095,0.36076190806260244
1096,0.34115098896578505
1097,0.7493324031632805
1098,0.7265723236704145
1099,0.5089517997206207
1100,0.37951215674725636
1101,0.7714158917568028
1102,0.355084022334768
1103,0.24107867278113765
1104,0.45146032450094886
1105,0.583510982915252
1106,0.629234510518318
1107,0.5253810479102455
1108,0.7472301562949675
1109,0.4361984704480555
1110,0.41140928390546394
1111,0.5668224283187964
1112,0.8855862534264966
1113,0.5339902325342646
1114,0.30380796468135507
1115,0.46847584225641753
1116,0.41682536948995885
1117,0.8598023404238186
1118,0.43904973688808496
1119,0.6863638992445245
1120,0.3444418000774285
1121,0.6270987044664617
1122,0.30156877145901073
1123,0.5225926965699377
1124,0.5435254637318335
1125,0.613994816070075
1126,0.5530781168518016
1127,0.4152217724039091
1128,0.5950405863354706
1129,0.7775383068967017
1130,0.16211768580597222
1131,0.6712062215439356
1132,0.7676082625202578
1133,0.5288835804182384
1134,0.6134250210760765
1135,0.3273762720795879
1136,0.5171475952042989
1137,0.5032506336558551
1138,0.4398837642577282
1139,0.6641727177787715
1140,0.6234667419780209
1141,0.30857238153223066
1142,0.5264392416353085
1143,0.47178356583532477
1144,0.5278572927545687
1145,0.5090830100874657
1146,0.6421024524903911
1147,0.39267744299780494
1148,0.3301239658329512
1149,0.8006785377863701
1150,0.6811549673707505
1151,0.4672387292018075
1152,0.5899882718483477
1153,0.33985744627256714
1154,0.6336173674797103
1155,0.21411575880143444
1156,0.5558361935509133
1157,0.5239873809409167
1158,0.6895792041933763
1159,0.6064578611683071
1160,0.6751860972444862
1161,0.6244223208855417
1162,0.5044074093097881
1163,0.3947819763473575
1164,0.6088442228218688
1165,0.5385099578764354
1166,0.5932283772893345
1167,0.51765877461498
1168,0.2886386193289256
1169,0.7532336251373981
1170,0.5558220678750088
1171,0.40959360446670484
1172,0.3060724673171091
1173,0.5730197582915485
1174,0.37996725465833914
1175,0.4090809998360182
1176,0.4503542548996427
1177,0.7006148149812378
1178,0.5459521824406279
1179,0.5972287115400478
1180,0.45729325323060854
1181,0.7369064238303306
1182,0.31994668528542664
1183,0.4578788685871936
1184,0.41906978743720236
1185,0.3891774960512737
1186,0.43843227266626594
1187,0.6462427100904983
1188,0.6440906799161841
1189,0.5837323512622712
1190,0.3731509204991096
1191,0.640717892522839
1192,0.4597934042504977
1193,0.416564769742711
1194,0.8087113430913462
1195,0.8103371263036202
1196,0.46261253102440986
1197,0.724760133340278
1198,0.8144839264983033
1199,0.7675434971031282
1200,0.3831435509608562
1201,0.5324710056315697
1202,0.28613120351741894
1203,0.3315791020638621
1204,0.7990143375062032
1205,0.35330985654978697
1206,0.6697876877224966
1207,0.6710424261929293
1208,0.3294352482166101
1209,0.5642867670470507
1210,0.7592245489536731
1211,0.3842158178089237
1212,0.5361315695538008
1213,0.5590772967169108
1214,0.618844902346064
1215,0.7148393393347456
1216,0.6436122829792184
1217,0.48531729615323416
1218,0.5801998000438731
1219,0.2500754534033278
1220,0.544757389583822
1221,0.25583013205498867
1222,0.5383252257978632
1223,0.6432069061258964
1224,0.3906013232455167
1225,0.4331714782156928
1226,0.528615813055061
1227,0.5546699171645484
1228,0.34991466662363924
1229,0.3461777073835718
1230,0.6496295761296589
1231,0.3472569587077837
1232,0.27543198757632015
1233,0.3522455576091019
1234,0.5581716692373627
1235,0.529899892480355
1236,0.3685168500490665
1237,0.43528962762969337
1238,0.6758955458281869
1239,0.5980582132844785
1240,0.2937045777459803
1241,0.807191717309566
1242,0.6611910875399942
1243,0.6373931126636497
1244,0.591701470904811
1245,0.6402436786677353
1246,0.1852449686959378
1247,0.4079535883468595
1248,0.3458505972128224
1249,0.3988268653273269
1250,0.1419118318959005
1251,0.21377354942354365
1252,0.44788801332152817
1253,0.5622049118954814
1254,0.4184660074589162
1255,0.43393454004683546
1256,0.614900053578475
1257,0.762308180949944
1258,0.7133261971241367
1259,0.7653931745434169
1260,0.5472012859495415
1261,0.64119020647495
1262,0.6321957894201646
1263,0.5991138165709455
1264,0.48400572075830745
1265,0.4260042541715412
1266,0.3895249073979486
1267,0.7152606493446945
1268,0.7550198610169606
1269,0.3962948081277473
1270,0.7694076480497043
1271,0.24701813603524977
1272,0.6645558336955609
1273,0.38276840351436087
1274,0.5061649737878342
1275,0.3843477753537954
1276,0.75270821774784
1277,0.3714220074502917
1278,0.7290443546282767
1279,0.5732551953890369
1280,0.6824505590231946
1281,0.20006387258364386
1282,0.5246332159864527
1283,0.6164770025256151
1284,0.2972508634711669
1285,0.8267714882640381
1286,0.437573353087382
1287,0.717780583915783
1288,0.4189877127918032
1289,0.6085450119746142
1290,0.6931908701892824
1291,0.6499586256003711
1292,0.739897035866832
1293,0.5564735116175478
1294,0.609975654859301
1295,0.619954571679044
1296,0.5611104374696475
1297,0.7501426507073321
1298,0.5708814120249347
1299,0.5099097465937666
1300,0.527256403895912
1301,0.4166800156165672
1302,0.6612802983228213
1303,0.6551395195582538
1304,0.28695347286920814
1305,0.8311503483878993
1306,0.1301906051793581
1307,0.6170031769107921
1308,0.23505652224120294
1309,0.557713947213104
1310,0.611563635646717
1311,0.788652578435411
1312,0.5575401784788594
1313,0.7132719350362631
1314,0.5602087091981333
1315,0.32263610703277423
1316,0.743580358348149
1317,0.6201133594351748
1318,0.47190996542772773
1319,0.22670165238058715
1320,0.5201479572559691
1321,0.315796441724275
1322,0.6234391035723802
1323,0.7267819466059737
1324,0.9111830535985417
1325,0.8447061471246881
1326,0.8215858222614205
1327,0.6493347456090532
1328,0.4219715309683284
1329,0.39458793625026256
1330,0.6676941386547617
1331,0.7739633101789063
1332,0.4752462163275655
1333,0.6180147449727582
1334,0.7796962176986661
1335,0.6063410080668991
1336,0.4293731977285863
1337,0.7556281254035762
1338,0.617784581326723
1339,0.46537931866718735
1340,0.6176306979292205
1341,0.44914600737471483
1342,0.46954703387901625
1343,0.49129791697888764
1344,0.21404402245991377
1345,0.19409572596999272
1346,0.7660766188566188
1347,0.9728361430658664
1348,0.4244314053207952
1349,0.601383499712626
1350,0.7862592107431429
1351,0.694062732069145
1352,0.6235712671546607
1353,0.6594618646855889
1354,0.42530465207349505
1355,0.46486818543764885
1356,0.6383968763309956
1357,0.6854948001904678
1358,0.43195566056584694
1359,0.6242483899865006
1360,0.6234773803658864
1361,0.26714540897700656
1362,0.6375392524188102
1363,0.6243127503118754
1364,0.522608781232561
1365,0.6151898084106651
1366,0.5260146433364723
1367,0.5090930976976534
1368,0.3026273173890424
1369,0.7567354777262826
1370,0.30984924933404595
1371,0.4568456447175682
1372,0.4130613435497089
1373,0.5774348540168098
1374,0.4824529829075186
1375,0.4643053879830859
1376,0.8111867917803747
1377,0.23191723258435745
1378,0.4399503833358589
1379,0.3803576395158369
1380,0.4445470614552184
1381,0.3111453527886041
1382,0.41087824677288004
1383,0.6400213858722638
1384,0.33611315478927994
1385,0.33368998527714266
1386,0.5271472477970001
1387,0.6584125370844169
1388,0.48500234189752983
1389,0.4014985038213699
1390,0.32321723757828114
1391,0.6582985657767578
1392,0.5089225965414339
1393,0.2535898641466637
1394,0.6824508839577159
1395,0.6755730563420483
1396,0.8534632231309409
1397,0.7348774932754438
1398,0.5897991266585692
1399,0.45839218685259664
1400,0.4450693291201596
1401,0.5510823604351575
1402,0.6357135038132639
1403,0.6632818625362136
1404,0.6711954282076087
1405,0.3643181779830427
1406,0.4065891459966316
1407,0.1809984297745774
1408,0.2697109673311219
1409,0.2215450680911741
1410,0.6766927425041818
1411,0.8211305731808545
1412,0.6004918860734815
1413,0.6765334726097367
1414,0.5287014055391749
1415,0.7838456839238287
1416,0.7210169255511966
1417,0.167347474997081
1418,0.46082018721702805
1419,0.732707824085409
1420,0.38104266896989586
1421,0.6965492984761523
1422,0.8171395499952946
1423,0.3230874196437869
1424,0.5474239718092316
1425,0.6206568119406185
1426,0.49188588957015184
1427,0.584614447288894
1428,0.25902959577031437
1429,0.5875286672691249
1430,0.3564264853541737
1431,0.6627920447541183
1432,0.407244044838224
1433,0.23715543158144042
1434,0.4905752086049994
1435,0.5743599670280541
1436,0.7089360000195718
1437,0.3410778187765976
1438,0.7330409125523297
1439,0.5602138493524573
1440,0.7438649196712699
1441,0.37971274302716723
1442,0.6694768781716323
1443,0.2494272779654576
1444,0.49403509421969766
1445,0.5696652344735578
1446,0.47971470235177105
1447,0.4537985630927633
1448,0.6795270508255464
1449,0.2934727568276186
1450,0.36490944543862674
1451,0.5941638848049913
1452,0.22906188706717293
1453,0.6363178415121227
1454,0.682481794642401
1455,0.6203899908942292
1456,0.6857412119557799
1457,0.42070295781286704
1458,0.6575335895754635
1459,0.6391251760077046
1460,0.46532519221861035
1461,0.5463396007814388
1462,0.4114949213352519
1463,0.4483847171146376
1464,0.35330643538966167
1465,0.4380358417993407
1466,0.35374933888399446
1467,0.8346008344984495
1468,0.25245987648589874
1469,0.6760767089692513
1470,0.2271573003428187
1471,0.32313103759420364
1472,0.9104356023709207
1473,0.3362218572368094
1474,0.3828477151826578
1475,0.7540632662966212
1476,0.4651921370209433
1477,0.22842526916017522
1478,0.6907688656874796
1479,0.2805482379087472
1480,0.3840108698694851
1481,0.31622580435900516
1482,0.1794624444404961
1483,0.404551826247196
1484,0.4461147828966394
1485,0.6846200960902729
1486,0.5202763513661204
1487,0.8964960706133758
1488,0.6263980299350341
1489,0.712615918596668
1490,0.8678643962694366
1491,0.6524719191831291
1492,0.590552179350107
1493,0.4545330046418868
1494,0.7649914339962385
1495,0.7252222736592849
1496,0.726498393399145
1497,0.3008865845654489
1498,0.5042398663478064
1499,0.8271609191778814
1500,0.5268322141652899
1501,0.7139371314191505
1502,0.557387400731535
1503,0.26124886037887457
1504,0.5356028623131073
1505,0.42200412075817745
1506,0.46206974383154986
1507,0.21095810440590346
1508,0.6338771897127823
1509,0.6624473286523982
1510,0.6879036410524878
1511,0.7273526941278323
1512,0.7866310161330908
1513,0.6216896646429737
1514,0.4173759424861115
1515,0.5361723953690186
1516,0.7724395026106647
1517,0.5723807571907112
1518,0.8544733759238416
1519,0.4453663672554867
1520,0.7874597579263269
1521,0.3778088138375494
1522,0.4387723902531284
1523,0.5385689100969847
1524,0.4557930468870598
1525,0.5297090025946931
1526,0.6390557045159159
1527,0.6106866637681143
1528,0.4371232358047324
1529,0.6572851301279208
1530,0.4176632052234003
1531,0.5813456349628532
1532,0.3392994929824411
1533,0.47541584031047596
1534,0.3532979141376558
1535,0.8244307180096617
1536,0.28373095507416296
1537,0.437001024254544
1538,0.3360243875881526
1539,0.39871357598352647
1540,0.8260951989780817
1541,0.519843579860117
1542,0.7210431378490932
1543,0.5124176522151062
1544,0.37457475860311207
1545,0.7371501358723969
1546,0.6149906475306072
1547,0.6179637168838904
1548,0.7690354070179389
1549,0.7300312056270899
1550,0.6923521659069716
1551,0.6937534473327105
1552,0.4843914302708341
1553,0.2679972891254833
1554,0.7422188459792392
1555,0.6017706013956692
1556,0.6405323344073316
1557,0.6203554659035112
1558,0.3092797839907578
1559,0.7399662541994929
1560,0.23912069997168467
1561,0.49237282621687745
1562,0.2367139964620254
1563,0.3534365145162185
1564,0.8020342565006595
1565,0.41058221611503753
1566,0.4899014082480856
1567,0.545802269209516
1568,0.5956604488310769
1569,0.6847180281700709
1570,0.5126766775924387
1571,0.44385900067733075
1572,0.6623673510014482
1573,0.6522139278208487
1574,0.3887830624084658
1575,0.6629379849989545
1576,0.38793390964555563
1577,0.5914516179541316
1578,0.7721197244357834
1579,0.6637283793600436
1580,0.6054484776105448
1581,0.4360519997357572
1582,0.4748758275672464
1583,0.741958063482034
1584,0.7408652649063554
1585,0.36976149826759563
1586,0.867648004505109
1587,0.46649388487962484
1588,0.6805412987588907
1589,0.3347977988955869
1590,0.45742011825754336
1591,0.7018451542213495
1592,0.6028167575214197
1593,0.6210160742860624
1594,0.46903634288081036
1595,0.6267429814212846
1596,0.4431966892179268
1597,0.6369260950623019
1598,0.7256745920274211
1599,0.48876978693245343
1600,0.8145659879933196
1601,0.2984265540348701
1602,0.6555998418023585
1603,0.429317543369581
1604,0.624716103083381
1605,0.8719014121783872
1606,0.5080424722133943
1607,0.623285748260909
1608,0.791716807463927
1609,0.5033858234294902
1610,0.43602570391988815
1611,0.5899737113213971
1612,0.5456946692512149
1613,0.43765735512739146
1614,0.43349995934216223
1615,0.6324967762331731
1616,0.7638079860051907
1617,0.6263446381802125
1618,0.5423705289888016
1619,0.7860908428721941
1620,0.4281603054921357
1621,0.6707749117974925
1622,0.30409188802423553
1623,0.7150114769359529
1624,0.3092317002049231
1625,0.4946626704618402
1626,0.7955548330534882
1627,0.5946355028939421
1628,0.7081890636865873
1629,0.5037606194963349
1630,0.6825110651419531
1631,0.5503777519608081
1632,0.5646674574997177
1633,0.5787575087580716
1634,0.6855872181712448
1635,0.17312074641693412
1636,0.33616878188900057
1637,0.32826719415013106
1638,0.6552602095067546
1639,0.643535386367642
1640,0.278671190087616
1641,0.3786301971245108
1642,0.8658899532737184
1643,0.4038765510889737
1644,0.20263308922563633
1645,0.7803676438685697
1646,0.415553233761426
1647,0.37516464725423715
1648,0.525425595804611
1649,0.3949717570048684
1650,0.5516449027299508
1651,0.8042890353773265
1652,0.6899114877190384
1653,0.5471871632436492
1654,0.7252036430349295
1655,0.2526717676072102
1656,0.40908492163114285
1657,0.5238691642294419
1658,0.6249009051825585
1659,0.26137650119994726
1660,0.6493130402266178
1661,0.6535673863559094
1662,0.7218133084901541
1663,0.4386005661121599
1664,0.2807807554001677
1665,0.30639264683904915
1666,0.7349347117963339
1667,0.8304221363844951
1668,0.36565396328389677
1669,0.7159841908678417
1670,0.4500433356274608
1671,0.4228175626657478
1672,0.6158009519889547
1673,0.3166977280466959
1674,0.4929168641424831
1675,0.54680065445698
1676,0.7310209075527775
1677,0.6474778414690203
1678,0.4737203753279218
1679,0.7258655262848204
1680,0.7967441052554208
1681,0.4290347292506664
1682,0.4400165357921123
1683,0.30340279716991825
1684,0.7609225875020159
1685,0.26038146825400255
1686,0.4607143690337109
1687,0.2908682970401699
1688,0.48698982457711604
1689,0.6457852370629267
1690,0.22556226439591698
1691,0.7727730852450339
1692,0.8109329428588319
1693,0.29816570124034913
1694,0.6778539304184126
1695,0.8044007226629267
1696,0.4365785947240652
1697,0.3956368932661001
1698,0.47917410984419523
1699,0.3226424449146438
1700,0.4711789861787375
1701,0.2703896965226634
1702,0.7096022562789093
1703,0.4162511239695801
1704,0.5115144271455186
1705,0.25586168666042935
1706,0.1886387717533694
1707,0.8257584162521248
1708,0.2864486988113265
1709,0.632169767914334
1710,0.6181469058476063
1711,0.53190977345101
1712,0.261515339745654
1713,0.648476536976393
1714,0.5031301221322001
1715,0.5624925390873731
1716,0.7833323797262187
1717,0.7490948299930551
1718,0.6035460452102572
1719,0.3965602033570779
1720,0.560675633484182
1721,0.784932408787025
1722,0.367942681456623
1723,0.3911129918919455
1724,0.30492431918159935
1725,0.35101891776327027
1726,0.5147559187641746
1727,0.3072984823858569
1728,0.8546538506616514
1729,0.7291952904921395
1730,0.5832262335433387
1731,0.5746776167396141
1732,0.33438626507422
1733,0.4930799710828161
1734,0.7378127579935099
1735,0.43109057943736007
1736,0.38305471044066425
1737,0.590508292024983
1738,0.3308885263575636
1739,0.6045583584127764
1740,0.6266000732736735
1741,0.24554349295789155
1742,0.5471598782010767
1743,0.5855049634488069
1744,0.7402315458567068
1745,0.6726773820824815
1746,0.8052194023158307
1747,0.5915042875162894
1748,0.805204125610988
1749,0.5445013206317583
1750,0.6028262818748109
1751,0.2507047800366279
1752,0.32338601274834056
1753,0.8188256412734496
1754,0.34104661170895056
1755,0.40739345322519555
1756,0.5686784430380166
1757,0.6245678117643689
1758,0.44721310105875856
1759,0.5036047545739185
1760,0.427343880938838
1761,0.8379407455295429
1762,0.5714039106372689
1763,0.7196990855665858
1764,0.886927956941513
1765,0.4267659414727062
1766,0.7085120359707536
1767,0.38219644250298074
1768,0.8451221400818436
1769,0.5855080292938184
1770,0.41135326960296875
1771,0.4283148809894222
1772,0.940330012729501
1773,0.6658857093507257
1774,0.26046312814077976
1775,0.1964261528261264
1776,0.790686876052099
1777,0.3194401333904551
1778,0.9183140350002618
1779,0.6667701397537944
1780,0.5337920156498701
1781,0.8000095855714613
1782,0.6216744028705207
1783,0.44931283600301036
1784,0.7838438783346947
1785,0.47476993966303005
1786,0.5222101990320196
1787,0.504502864907705
1788,0.735585307407136
1789,0.6009451634462706
1790,0.31045061896549647
1791,0.4454012782134931
1792,0.5886791273708061
1793,0.4961873933088054
1794,0.5767505606244108
1795,0.6304416294888905
1796,0.7266159193504392
1797,0.4937604793385553
1798,0.5810180690833324
1799,0.6703214553748291
1800,0.864159191683123
1801,0.8853258681295088
1802,0.7655882779914928
1803,0.7813600057252883
1804,0.6356914900581809
1805,0.7239012875216116
1806,0.3024299421527105
1807,0.7108012202181205
1808,0.3390218326649157
1809,0.32981447031105504
1810,0.5113416468115128
1811,0.42899743015230235
1812,0.823275058258201
1813,0.46590099307570293
1814,0.5540357999814616
1815,0.4672392399616828
1816,0.6883514326073316
1817,0.4775841373448988
1818,0.7041821952286421
1819,0.6401206257852887
1820,0.7975934156692198
1821,0.38293464976996633
1822,0.8861783586445962
1823,0.6703650401812736
1824,0.5517515963907355
1825,0.18803659146129986
1826,0.7799895440203293
1827,0.380941178059463
1828,0.42088344046272536
1829,0.2762330462127308
1830,0.6719566791955599
1831,0.4576722636094198
1832,0.7318474420191243
1833,0.4905473369417483
1834,0.7116176346090829
1835,0.490748515506533
1836,0.779480601047377
1837,0.7168474454230919
1838,0.4995547292129852
1839,0.5600370974900691
1840,0.47848330064020234
1841,0.506985974856708
1842,0.7920516415432243
1843,0.8580499399581573
1844,0.48112284881175865
1845,0.5715913259828711
1846,0.3682588312243341
1847,0.6079415559633683
1848,0.41794578810586697
1849,0.45654590210171414
1850,0.805409538949853
1851,0.4258488106425722
1852,0.42157390077289575
1853,0.5979601698579168
1854,0.9612392207385219
1855,0.7328135236875939
1856,0.6064630530469359
1857,0.5803534036905018
1858,0.8388900051978432
1859,0.6815929822867852
1860,0.7140485422193744
1861,0.4083542542760578
1862,0.6242029534037062
1863,0.49646749050268896
1864,0.48417927290900614
1865,0.7927070255257441
1866,0.5218889070149892
1867,0.3529178870682868
1868,0.49032658207474095
1869,0.5630746438991522
1870,0.6445436172253993
1871,0.7768831321556456
1872,0.5244757124017732
1873,0.3281113815792433
1874,0.5371860469528327
1875,0.7629099972539221
1876,0.5435506703985039
1877,0.593067151901369
1878,0.32281068828752535
1879,0.8990769975091291
1880,0.6166940501720172
1881,0.4192846223577715
1882,0.6266208610481964
1883,0.646246772996359
1884,0.6364664109231101
1885,0.7444439604152159
1886,0.5687883253877336
1887,0.5619489396018111
1888,0.1603228774170508
1889,0.43669892374211666
1890,0.525783812731417
1891,0.5301268103815788
1892,0.6600998783362064
1893,0.3169503752941808
1894,0.4112812483535444
1895,0.7507602924182561
1896,0.6647102133689851
1897,0.3566420802122075
1898,0.6227120126637526
1899,0.9488456465852422
1900,0.5697161369712698
1901,0.7415182325253661
1902,0.41430021181364196
1903,0.6861686928215
1904,0.4747151996342079
1905,0.6720873664798152
1906,0.7069898969219546
1907,0.835163574807245
1908,0.4060261717892413
1909,0.7135680214542235
1910,0.3005288026527817
1911,0.31220200242328594
1912,0.3098746098290617
1913,0.45055111090231875
1914,0.7402714873617087
1915,0.7171907001924154
1916,0.39998972748611833
1917,0.26517281427402933
1918,0.3680170790751148
1919,0.636645062548996
1920,0.5285521999847924
1921,0.4332803762519885
1922,0.3698728180229743
1923,0.4776054778773405
1924,0.6861137352989732
1925,0.44883544924289664
1926,0.7776679076342464
1927,0.7060867767489523
1928,0.2815563333289513
1929,0.3526383612538544
1930,0.32474812557391763
1931,0.5745975035956138
1932,0.5870754594964147
1933,0.43020281819957795
1934,0.22075909974634708
1935,0.36159871687686884
1936,0.6595690149208744
1937,0.7272613888943513
1938,0.47191320301377887
1939,0.6004898577332104
1940,0.6616139785996596
1941,0.5810582644004461
1942,0.2620361383244706
1943,0.851062741188769
1944,0.612630048979123
1945,0.600403708115047
1946,0.8282538516953545
1947,0.13342057730006882
1948,0.7116026126112691
1949,0.3334073295672128
1950,0.4481685137020126
1951,0.4253134163890576
1952,0.47074082899166075
1953,0.734559171837904
1954,0.7113690961431907
1955,0.5529721910756366
1956,0.4487422641056558
1957,0.8142116381618126
1958,0.3276229728371654
1959,0.5877959245269452
1960,0.4226187558865363
1961,0.6865201720537127
1962,0.4374169313716241
1963,0.536039050269284
1964,0.6959978413790322
1965,0.44503202227736227
1966,0.5678346773624297
1967,0.4804351751324144
1968,0.533567980521959
1969,0.7133951095808272
1970,0.5525466473984445
1971,0.43624277103469156
1972,0.2794162753315907
1973,0.27240234869845503
1974,0.543222022678164
1975,0.4734382535001278
1976,0.6586839153545702
1977,0.5711880124923424
1978,0.4378367957676049
1979,0.22998831859644356
1980,0.638509844476069
1981,0.6864885695646695
1982,0.3221165685742071
1983,0.25586103036963653
1984,0.43890436888375406
1985,0.4423872834314458
1986,0.48907414008418565
1987,0.38730848765919934
1988,0.3175781609506639
1989,0.6554878846214028
1990,0.4290866964130581
1991,0.47638051217837424
1992,0.5069965160154496
1993,0.4870717057211524
1994,0.8222399881442689
1995,0.6862600418203532
1996,0.4397273643540859
1997,0.16923834442255686
1998,0.6526196056498137
1999,0.4690225116449125
2000,0.7660086153352157
2001,0.4915925171504948
2002,0.5527648568681319
2003,0.6134360564016441
2004,0.3430156827896307
2005,0.583300463929765
2006,0.6446265473335557
2007,0.7404443573199091
2008,0.533454208835378
2009,0.5247177104636583
2010,0.6710467099520706
2011,0.5890249097471945
2012,0.8691368452520641
2013,0.4140315367329183
2014,0.8140321296956045
2015,0.7142858620700034
2016,0.4388998988299779
2017,0.6650900146494793
2018,0.5807867967483333
2019,0.4670961753463091
2020,0.6843774289981607
2021,0.5667118964940951
2022,0.36318102658396945
2023,0.38375981350189525
2024,0.6113473011855316
2025,0.5842729832221183
2026,0.32275831986073195
2027,0.5152881736577459
2028,0.5483834620493374
2029,0.49310318569948697
2030,0.47959487298263953
2031,0.5935835851776821
2032,0.6102313249906633
2033,0.49268179580567384
2034,0.6765216722240478
2035,0.6019506427907888
2036,0.8152557033724449
2037,0.4560883204936349
2038,0.5025925620985797
2039,0.21360998886989074
2040,0.2795519406872192
2041,0.4928956909703188
2042,0.7447896056305199
2043,0.34369503239994975
2044,0.5363359667620227
2045,0.5747628514894365
2046,0.5841438390811329
2047,0.643222440253458
2048,0.6833106890337155
2049,0.21436202641270966
2050,0.5163451726549491
2051,0.7446281871522756
2052,0.7421361668333094
2053,0.2792185707702674
2054,0.3111672987278542
2055,0.3239091082946405
2056,0.4405441727249576
2057,0.49424707015542235
2058,0.35113593366504053
2059,0.47660629732065074
2060,0.5986228552388034
2061,0.30801839023889593
2062,0.5792335126366943
2063,0.3620900473877218
2064,0.3749852338062894
2065,0.3596860060749885
2066,0.520560135250684
2067,0.3629193785768691
2068,0.6820737556666946
2069,0.5379579140896994
2070,0.4690025157808369
2071,0.30499291621041874
2072,0.5519999512343814
2073,0.4278000784817138
2074,0.46189892908043195
2075,0.6210320753500477
2076,0.6852952590128712
2077,0.7289226684275285
2078,0.4081103109852857
2079,0.4313150613697373
2080,0.5232377517196514
2081,0.49676457157859094
2082,0.6815656045750581
2083,0.6343109806156418
2084,0.5965656306061643
2085,0.542151856236797
2086,0.67995005160054
2087,0.42511609373577164
2088,0.7718077702008902
2089,0.4690449342287701
2090,0.6768828156195862
2091,0.6371274483606818
2092,0.7457007417838307
2093,0.40041807022741077
2094,0.5860582672786799
2095,0.2753742701157778
2096,0.589832256003306
2097,0.7930218289106703
2098,0.5683132036874177
2099,0.44592809095601815
2100,0.4018302024503622
2101,0.2688450025010045
2102,0.8812251584089984
2103,0.8158343492377127
2104,0.6157953395903419
2105,0.7019231174486925
2106,0.19407556155824868
2107,0.12137316607971427
2108,0.7301149980771835
2109,0.7690590622209176
2110,0.5793765834320157
2111,0.6907243269825567
2112,0.8412809203027821
2113,0.6317687812540396
2114,0.45810495129255163
2115,0.8656349479685388
2116,0.5894534203075561
2117,0.7627497325935736
2118,0.2229437488872461
2119,0.5775620515015276
2120,0.7283519910216399
2121,0.7336599253118468
2122,0.5716774568994918
2123,0.5349281167690079
2124,0.2835076738229602
2125,0.22800767988388151
2126,0.6569645058111628
2127,0.3805673101725634
2128,0.6507879306405628
2129,0.8721327054657686
2130,0.6933470898113873
2131,0.6752026671993492
2132,0.7771237070134431
2133,0.3095111634731169
2134,0.7098472085359573
2135,0.5665337980933237
2136,0.25779919583806965
2137,0.5596102722448651
2138,0.6760798696354884
2139,0.669313432000026
2140,0.4960545946039838
2141,0.6239331082931661
2142,0.5754488280904314
2143,0.3853928639309194
2144,0.5266053437417816
2145,0.2644410688997947
2146,0.47132834440998833
2147,0.4842339138395457
2148,0.6218394216821352
2149,0.678721843508204
2150,0.5736243299468978
2151,0.6703720074707381
2152,0.319669407698174
2153,0.7983086901434666
2154,0.46892637723370156
2155,0.792407823488648
2156,0.7677315635080947
2157,0.3933343469232669
2158,0.5261308437562118
2159,0.7582109882531218
2160,0.475928343031082
2161,0.5280119146855838
2162,0.5093016026434334
2163,0.5892010165374602
2164,0.5245433969714912
2165,0.5068318431531454
2166,0.6659201739147288
2167,0.6908523724887055
2168,0.7109364230092687
2169,0.38427867079033196
2170,0.5439528726429244
2171,0.46679616036476007
2172,0.29042993292483577
2173,0.5472043898601918
2174,0.4235508158792147
2175,0.4395864265508765
2176,0.6008719111457573
2177,0.6118514850791957
2178,0.5950411370972215
2179,0.28170934289453603
2180,0.38584593897230596
2181,0.41221615108739434
2182,0.6117140911745833
2183,0.27880010949146766
2184,0.41484550168027284
2185,0.5481277108788094
2186,0.7850211818580478
2187,0.5601701672561298
2188,0.6054996187881002
2189,0.8467910524859628
2190,0.6614772292727691
2191,0.3519906601753907
2192,0.4988407745757142
2193,0.8286589028818484
2194,0.8783816829619462
2195,0.449109726202116
2196,0.8294676635921323
2197,0.6969279114897781
2198,0.4101738765603694
2199,0.4943232390427096
2200,0.5643121628465151
2201,0.5096896232011525
2202,0.7093911297237787
2203,0.472141042597548
2204,0.5099087165399675
2205,0.7382054133076142
2206,0.47458167447932725
2207,0.35269394323716646
2208,0.3574246420560841
2209,0.6591684614428653
2210,0.38947897724082525
2211,0.6441865927602809
2212,0.4044287495247598
2213,0.3255571058278695
2214,0.4357928901247199
2215,0.6997370427347948
2216,0.45326797541555863
2217,0.4218508126758176
2218,0.4344713802421505
2219,0.7973932935018649
2220,0.5546914525359282
2221,0.6743675738055472
2222,0.7930580710121244
2223,0.5826667361688538
2224,0.7146221619822413
2225,0.5687824929393137
2226,0.6874721494925613
2227,0.19700474766396972
2228,0.42133555347055024
2229,0.29529412135980354
2230,0.42199665979238343
2231,0.7244956012224708
2232,0.7021160593747415
2233,0.6771614537561885
2234,0.13143140258287872
2235,0.42104212398026547
2236,0.7567518374991775
2237,0.5536258954073098
2238,0.8621595680400956
2239,0.49170803642275274
2240,0.5989220680533228
2241,0.8475519618480983
2242,0.7513967354910395
2243,0.7858462452738446
2244,0.6614989302881411
2245,0.695176553678777
2246,0.3366751427105642
2247,0.3438914691117151
2248,0.4113282251786956
2249,0.47661444390414004
2250,0.7602786405882487
2251,0.6045042865868131
2252,0.46097529274243415
2253,0.20423686252719442
2254,0.4381462238518676
2255,0.6402208205930895
2256,0.6609175629100866
2257,0.6445048808263941
2258,0.5050258151101941
2259,0.618565567841633
2260,0.5937589642254453
2261,0.3250037179476974
2262,0.23851187070623953
2263,0.40925195847558027
2264,0.24428887492292267
2265,0.542564311229244
2266,0.7105957058379216
2267,0.5279249597294877
2268,0.5384996717502541
2269,0.3678968187539987
2270,0.12460941819473174
2271,0.240559685293558
2272,0.7027618648484685
2273,0.31614004040326293
2274,0.1573893510949352
2275,0.5501854444090618
2276,0.7479829314198164
2277,0.3207600435633187
2278,0.3751207213471547
2279,0.4971577935265872
2280,0.3260727464561722
2281,0.7926931636251558
2282,0.46017275626690635
2283,0.7443448474801119
2284,0.5037792447538145
2285,0.4539087511368072
2286,0.5748553861006258
2287,0.7310456004183341
2288,0.9247889043346664
2289,0.7930834667717173
2290,0.5359322314379164
2291,0.5633927366467404
2292,0.8932162930946788
2293,0.4203764569871592
2294,0.6161383785765197
2295,0.584181536636101
2296,0.5978391498696787
2297,0.8239628740066723
2298,0.840614769976908
2299,0.36053565816303695
2300,0.5049221776426536
2301,0.2272185651132704
2302,0.362049032612607
2303,0.46139700237656606
2304,0.5354528876574249
2305,0.5810061724750807
2306,0.5729978799026701
2307,0.4881342450520192
2308,0.6262851747842533
2309,0.8056687638414413
2310,0.7379097900741779
2311,0.707578707230727
2312,0.41476080629224343
2313,0.36082818938691996
2314,0.6393400763916701
2315,0.5341755857465218
2316,0.41379390615286177
2317,0.3350393601519682
2318,0.5486257124182211
2319,0.5912135214333164
2320,0.4572269165578536
2321,0.3566012807847022
2322,0.7497134746935854
2323,0.5005269572310453
2324,0.3394173691501802
2325,0.45573865831116456
2326,0.1877807857476688
2327,0.7982475448252562
2328,0.6633348612517207
2329,0.6665781803342519
2330,0.6255505066238486
2331,0.6854158121397368
2332,0.4516902925989613
2333,0.6863522997443606
2334,0.8594778948099933
2335,0.6692513321727478
2336,0.7757622104560667
2337,0.7993491798884557
2338,0.48112400185238174
2339,0.38312581985562666
2340,0.7252232368989222
2341,0.8346094263474164
2342,0.5915783072410388
2343,0.6012858787855946
2344,0.30990358989784383
2345,0.3358357215961434
2346,0.37730695277504206
2347,0.36143432859507574
2348,0.7325329936144678
2349,0.6826832528831779
2350,0.4150800782173498
2351,0.4939228721612851
2352,0.7509546439034966
2353,0.5933016005946105
2354,0.6955366611009097
2355,0.592974889776744
2356,0.5156125644765922
2357,0.3865243931739809
2358,0.38268672733760817
2359,0.6039488269331209
2360,0.3691410864170326
2361,0.4195005661471364
2362,0.8976395399338343
2363,0.5463536528494547
2364,0.823473542014792
2365,0.36861947834278647
2366,0.7386752289092657
2367,0.593224824409172
2368,0.42001314437098747
2369,0.5898720681349339
2370,0.5691609655270704
2371,0.5989562918901203
2372,0.9146595970443303
2373,0.5482561452001324
2374,0.7034775708546006
2375,0.8119001679230112
2376,0.6962926559876308
2377,0.4845773225342943
2378,0.5177348032280015
2379,0.693384656909229
2380,0.3419312191401142
2381,0.2865178575272107
2382,0.8318344725760877
2383,0.39348892251651496
2384,0.3466553604615012
2385,0.5362003689124117
2386,0.6985820922416798
2387,0.6074653710982727
2388,0.5940272191338983
2389,0.6083760492455664
2390,0.6280843357134347
2391,0.5792732132124675
2392,0.5747527785440188
2393,0.23299470876648243
2394,0.30710465220594346
2395,0.6028518663860012
2396,0.10814587817659656
2397,0.541610508592795
2398,0.740222326826427
2399,0.39636064697893175
2400,0.3352678686854011
2401,0.5668086416315666
2402,0.6098801580400004
2403,0.570663586287073
2404,0.6125211934784166
2405,0.4573136030298868
2406,0.5334735731841597
2407,0.7951740363008878
2408,0.49836238912701214
2409,0.3760062336406332
2410,0.5932032065593177
2411,0.602197690094545
2412,0.3542573269889676
2413,0.5399470704868644
2414,0.7303112214158947
2415,0.29293497045160755
2416,0.6999003224297774
2417,0.6125615872754525
2418,0.4768029160413953
2419,0.4913451904538306
2420,0.45400237483262923
2421,0.9253868552310167
2422,0.8825498404710482
2423,0.4534786671480051
2424,0.5045317258531125
2425,0.38296877905326515
2426,0.29679380417127693
2427,0.5645165549895668
2428,0.723605432831559
2429,0.8280693371300863
2430,0.42361890932930063
2431,0.36612278152555344
2432,0.3431471970063979
2433,0.4664232117989866
2434,0.47068991049391373
2435,0.44155977661109136
2436,0.4292440781168176
2437,0.4410063100761519
2438,0.6112323189558843
2439,0.7015095432619237
2440,0.6314060151567131
2441,0.4234146556004832
2442,0.5698103812550462
2443,0.8072293730361895
2444,0.3853254932714766
2445,0.4973657717284511
2446,0.26346809405990507
2447,0.6652086620768872
2448,0.9271908837479056
2449,0.37163531411264816
2450,0.5343615293378505
2451,0.7325064314986299
2452,0.32601501598661203
2453,0.5293454356946243
2454,0.3596377143193381
2455,0.27515762884616807
2456,0.3466247030203501
2457,0.6971216335794377
2458,0.2795954056840955
2459,0.2710339443730882
2460,0.6025524876699399
2461,0.6293100960323654
2462,0.518699386953795
2463,0.30077774747775393
2464,0.26524384663253225
2465,0.7045663103630744
2466,0.5991484124166817
2467,0.46496617641084137
2468,0.25299943640786615
2469,0.3505245590915397
2470,0.20983668881058312
2471,0.5409155781102745
2472,0.7621786482028805
2473,0.835100274427607
2474,0.5566658419926035
2475,0.37428868187200126
2476,0.4951153388172235
2477,0.8160703847505795
2478,0.3604594142963339
2479,0.5266467280025535
2480,0.2890488672280006
2481,0.6370259868503162
2482,0.3592579445889918
2483,0.40225210134804323
2484,0.5656878361754062
2485,0.7208736550274959
2486,0.6024153664792469
2487,0.5441796235096699
2488,0.6315785907203642
2489,0.7409395646268659
2490,0.5912355837899522
2491,0.4090545327917747
2492,0.7692887546182505
2493,0.3102466261939455
2494,0.36689407108700334
2495,0.31612627993139714
2496,0.6045635035419108
2497,0.5869938796300761
2498,0.7416812190873864
2499,0.8261886236498696
2500,0.7459178993812182
2501,0.8442471571904002
2502,0.6947000232456837
2503,0.49908435797303985
2504,0.2550308909367969
2505,0.3207685815382435
2506,0.5698667105331586
2507,0.4644311690308335
2508,0.7241612105380982
2509,0.4008129687656806
2510,0.29707961103770747
2511,0.34986955938569986
2512,0.4317008296883469
2513,0.4090975693291535
2514,0.45945702763522656
2515,0.5558140027580045
2516,0.6793066827764886
2517,0.48680743305123486
2518,0.4158450358951422
2519,0.7561361289823784
2520,0.6019761556353589
2521,0.9431173914528341
2522,0.29669333089627486
2523,0.3544832682164772
2524,0.7738991727728531
2525,0.43305034318406643
2526,0.541547729809919
2527,0.8607802785273053
2528,0.3017300008763515
2529,0.5821779896593122
2530,0.27325792134753624
2531,0.8439186364171817
2532,0.452691634601927
2533,0.7187073443173928
2534,0.5210693430792304
2535,0.7727306851832856
2536,0.4837992217817993
2537,0.8976553489651394
2538,0.4117646123639402
2539,0.5764656934289957
2540,0.5802837308438484
2541,0.5645592039397257
2542,0.2919137870596549
2543,0.524539442972244
2544,0.21699199839511238
2545,0.7578671278144726
2546,0.6698183128934725
2547,0.41267645288780136
2548,0.43773538655280525
2549,0.44815480641749106
2550,0.498661773376706
2551,0.4179615356964473
2552,0.6714996882192569
2553,0.38032681529302037
2554,0.8217928656093197
2555,0.28160878690677377
2556,0.42680634106744747
2557,0.701486799146931
2558,0.7403765592679807
2559,0.30508269130223553
2560,0.714021845991579
2561,0.3584040875899539
2562,0.405002123804741
2563,0.46285095207192584
2564,0.4254989971425991
2565,0.9409324220886089
2566,0.20685094689690284
2567,0.36446106534056605
2568,0.22657406484139941
2569,0.7853139583999957
2570,0.769381621157349
2571,0.315315824077838
2572,0.40255522410390837
2573,0.7636594672773875
2574,0.6195774115587257
2575,0.4916240763312927
2576,0.4981578011273434
2577,0.6689815489178393
2578,0.7296781244108471
2579,0.5334184583846874
2580,0.4907032218603498
2581,0.6010158533550267
2582,0.7817471891097921
2583,0.4461193465976037
2584,0.6268145094542876
2585,0.5037458154088018
2586,0.4745747370685179
2587,0.48604167696623024
2588,0.30344723561782366
2589,0.31807592240409144
2590,0.4746066586960691
2591,0.6572765421268734
2592,0.5820194083277302
2593,0.6707181085300091
2594,0.4928811291081126
2595,0.7357237968015735
2596,0.4615046639981169
2597,0.4757786346989964
2598,0.7394257514238767
2599,0.5864413426530555
2600,0.819825736166129
2601,0.833541302973754
2602,0.2666992987955628
2603,0.33476746997455364
2604,0.4867831004891565
2605,0.627103835113499
2606,0.6446265632599226
2607,0.6169215831704835
2608,0.784929699110612
2609,0.6409552714929421
2610,0.7648264048260005
2611,0.2564957958056705
2612,0.5041319502499294
2613,0.5141098615829626
2614,0.43833656806798793
2615,0.8328285568453844
2616,0.7309603060263625
2617,0.41920508652486316
2618,0.6112630148803793
2619,0.5692169267808815
2620,0.6555467055242129
2621,0.314036729152692
2622,0.5984096920995832
2623,0.3793674027067853
2624,0.4471866599366561
2625,0.20169187518284137
2626,0.5149460890054272
2627,0.6902425541436454
2628,0.6135844358849738
2629,0.746621144417917
2630,0.4489911596932185
2631,0.5441183639459714
2632,0.7655434466939031
2633,0.39394155600093145
2634,0.8628252341048803
2635,0.6058314030378632
2636,0.3691876083281271
2637,0.7440704581103925
2638,0.7465253654176484
2639,0.7575631896417692
2640,0.2632850860915479
2641,0.3052163938782463
2642,0.3666061892543169
2643,0.48480310728271414
2644,0.7287458366032777
2645,0.38149455255237086
2646,0.384444673571178
2647,0.24485478899971744
2648,0.6659011553852926
2649,0.5896647597396739
2650,0.7352304708559438
2651,0.35143868068919454
2652,0.7283440645235758
2653,0.6394981179147833
2654,0.6046842158136049
2655,0.7301930143387707
2656,0.36727447353386783
2657,0.5330109166329194
2658,0.5848504353251007
2659,0.4288574208850009
2660,0.29060468475849466
2661,0.717546590552073
2662,0.5694342242495016
2663,0.4211477864502336
2664,0.26202330887354497
2665,0.5613198006015203
2666,0.7494627426953113
2667,0.5655947826867036
2668,0.6893929856948301
2669,0.4599232527357251
2670,0.6150123668870753
2671,0.47802135230823817
2672,0.7071926116340058
2673,0.9312602178000717
2674,0.6502284847631071
2675,0.6101824882523557
2676,0.5942926517644656
2677,0.33014960647880126
2678,0.20248675987314876
2679,0.6496395380790154
2680,0.5804568611104367
2681,0.5311713588848611
2682,0.5725768693345625
2683,0.3802283836582328
2684,0.4773996014028904
2685,0.7719317833607025
2686,0.5905194317469088
2687,0.5774759583647845
2688,0.3265769732581288
2689,0.7124824274836814
2690,0.36827110868714447
2691,0.44951609743916454
2692,0.8049068720351791
2693,0.5577780980156269
2694,0.4991097208215906
2695,0.2159195307753466
2696,0.40276010593045236
2697,0.5219914409377882
2698,0.3761036817631794
2699,0.3990453029227108
2700,0.6419927222334894
2701,0.40595300565621023
2702,0.4433574147562616
2703,0.7031997084238121
2704,0.46125338078069017
2705,0.47619175303105504
2706,0.6138903015677258
2707,0.5487783887085537
2708,0.5212437973626857
2709,0.41146113983892957
2710,0.5906832601035829
2711,0.6336775320768002
2712,0.33952359711468233
2713,0.8174319070602573
2714,0.4231001962104003
2715,0.5974055201734606
2716,0.7744297806771498
2717,0.36655114122840976
2718,0.5958739325454558
2719,0.6893037124794356
2720,0.3802670808281901
2721,0.6411051166858005
2722,0.3718567673111817
2723,0.25754552725505364
2724,0.4595025486967441
2725,0.718115838015629
2726,0.6398752494267635
2727,0.42396675225801095
2728,0.3874393324781761
2729,0.7704052071306672
2730,0.6814589461213209
2731,0.7725684527434737
2732,0.5855674608282846
2733,0.5308579069425673
2734,0.4812121449796803
2735,0.6633229067237502
2736,0.6297145023408051
2737,0.18515987484194096
2738,0.7073302554253952
2739,0.8098835217110938
2740,0.5208389964593783
2741,0.7380588189502416
2742,0.6804952320183126
2743,0.4564509797871711
2744,0.7053076279684272
2745,0.7179809812799098
2746,0.40090151744368596
2747,0.561691730447036
2748,0.6123508092000505
2749,0.8297900565539159
2750,0.5121719560444895
2751,0.7030773151574793
2752,0.4832395548010929
2753,0.4291020559184497
2754,0.39195689648376486
2755,0.6905591410101387
2756,0.34799406538501776
2757,0.3966461322237834
2758,0.4469398670189321
2759,0.36293411620368404
2760,0.5465027811800914
2761,0.30647106779656785
2762,0.6848700595448793
2763,0.9088270429104167
2764,0.6099655709906209
2765,0.6583111230627432
2766,0.6888344836176244
2767,0.703917820790518
2768,0.3280819350282816
2769,0.3311078248376742
2770,0.811028387202052
2771,0.3081772260352778
2772,0.36648269992269056
2773,0.2120723634169393
2774,0.7768779886243717
2775,0.364538281327242
2776,0.3879699661705379
2777,0.6810363872217224
2778,0.38506047974634366
2779,0.8983885638356475
2780,0.21650298703697587
2781,0.580493373728785
2782,0.770960232627088
2783,0.6250482266560847
2784,0.6937892178288994
2785,0.7538105428900409
2786,0.649122813701096
2787,0.47255907399428454
2788,0.3374538637884062
2789,0.5223641060027904
2790,0.597435445659789
2791,0.6382193091188804
2792,0.3925189219929393
2793,0.7830233921799004
2794,0.7078560303313881
2795,0.7319962115829481
2796,0.5348010165014829
2797,0.277435732106472
2798,0.17044098682651662
2799,0.7673983218842756
2800,0.5761782408438005
2801,0.6559536568692953
2802,0.8455751614245378
2803,0.7701697932663651
2804,0.2611692427388043
2805,0.3590098755459135
2806,0.4099944557925816
2807,0.6884594076410783
2808,0.503717735035412
2809,0.5278003287656567
2810,0.4178529481616387
2811,0.21721024026332175
2812,0.6257006229777518
2813,0.9635399630931184
2814,0.8352369780193543
2815,0.7008426786652014
2816,0.4616652064869492
2817,0.2666042971431776
2818,0.3659278662891856
2819,0.7549677262682607
2820,0.6020683702849979
2821,0.802683530312748
2822,0.6213586656199802
2823,0.5256131348987926
2824,0.6497913558783761
2825,0.7323821732176449
2826,0.32834563312295584
2827,0.46335620471086286
2828,0.40278320756909314
2829,0.6442682712091462
2830,0.7218758727301555
2831,0.5082661728874561
2832,0.6558038455090022
2833,0.7451501570852406
2834,0.7249430499522368
2835,0.7093974125022043
2836,0.8269141687332315
2837,0.46596921916812467
2838,0.45203172460971736
2839,0.4441518453015373
2840,0.4100336020618305
2841,0.6814275603346488
2842,0.30714677054269424
2843,0.4173000717413451
2844,0.8388743487694227
2845,0.6910464912278809
2846,0.35955847942581204
2847,0.4925652679374049
2848,0.3613227355287073
2849,0.37941330315804916
2850,0.6315158469872459
2851,0.7727196827090773
2852,0.6041793425176053
2853,0.5623030285030538
2854,0.34281882291920984
2855,0.4374427194856563
2856,0.7840417606517467
2857,0.7282698344954175
2858,0.5275883287822226
2859,0.8606078382631863
2860,0.40249244287828356
2861,0.5541632380988573
2862,0.37656936157465676
2863,0.3300793153828145
2864,0.5647449690220535
2865,0.9072917837162177
2866,0.33961150994315076
2867,0.5366974574338218
2868,0.5238377304986238
2869,0.6370873812992822
2870,0.5233432094896585
2871,0.3362084114620409
2872,0.6319186960477415
2873,0.4851343054305125
2874,0.23440809249246428
2875,0.5865360366407495
2876,0.37433272780896126
2877,0.6328985692943064
2878,0.5783745174666406
2879,0.3834411378427344
2880,0.3024761691142502
2881,0.5620895248255993
2882,0.7807472766187775
2883,0.48713744035303835
2884,0.6656611584129667
2885,0.6183114908906437
2886,0.4054120304556187
2887,0.6945202964947317
2888,0.522050519673014
2889,0.6697808301488166
2890,0.8089993013836347
2891,0.6529229636822619
2892,0.41442928026927645
2893,0.7396910842331641
2894,0.4742042809123156
2895,0.4124363956490229
2896,0.685117994086895
2897,0.6596250269555841
2898,0.6265652668304074
2899,0.5045806658863488
2900,0.9283021282509412
2901,0.28413115174530884
2902,0.24317897041984296
2903,0.6324922271436568
2904,0.52669289727629
2905,0.40877066735897055
2906,0.3318677008602469
2907,0.2646815178726323
2908,0.6351795446459308
2909,0.7566137689362702
2910,0.6117536939847565
2911,0.6622538161752614
2912,0.6065288248499715
2913,0.7565394920209988
2914,0.8356615598106928
2915,0.5168493119478559
2916,0.21774881160197168
2917,0.3737634721646462
2918,0.9278182356620286
2919,0.8552516317797745
2920,0.5822338984211444
2921,0.3495425245033951
2922,0.17592001934241547
2923,0.7668865159877656
2924,0.4855355588279921
2925,0.42227241727568887
2926,0.5723585131971191
2927,0.5759101478454463
2928,0.6079369775509708
2929,0.29961109933498103
2930,0.8594524349810393
2931,0.9354908582119651
2932,0.43589440688528286
2933,0.6243716901575639
2934,0.361472971442944
2935,0.5767133388648588
2936,0.6437151350045984
2937,0.46335163695458
2938,0.4103901881224544
2939,0.8063980710982519
2940,0.3701865044643377
2941,0.5321528568562888
2942,0.24351833363602807
2943,0.42755228106100296
2944,0.7283812667778238
2945,0.4677410557442082
2946,0.691194277679866
2947,0.5109003780288676
2948,0.2997064722929565
2949,0.20136157684935202
2950,0.4263456006185633
2951,0.2494126460980219
2952,0.5950092707449063
2953,0.4757469771178866
2954,0.64045225325782
2955,0.7392971125272856
2956,0.5889759018999283
2957,0.2816969935578545
2958,0.49158011800520374
2959,0.4351400747358799
2960,0.5409064101848944
2961,0.5735199619348516
2962,0.532151402417253
2963,0.37073860074424697
2964,0.43866503176463434
2965,0.5160609849138603
2966,0.8786739157960624
2967,0.41859762725146693
2968,0.6105100161629169
2969,0.6328287193808473
2970,0.8177190728922593
2971,0.4257901720691913
2972,0.7128890726007502
2973,0.195647187133387
2974,0.6626519046557631
2975,0.5776518117428519
2976,0.23582355777572442
2977,0.5285321450530204
2978,0.6906771762876215
2979,0.906617078634642
2980,0.6383509121162186
2981,0.4876573279394973
2982,0.5069142522609665
2983,0.7610867168448733
2984,0.15875605533369902
2985,0.47361864077429283
2986,0.279626076689201
2987,0.29624889834605933
2988,0.3977275886934227
2989,0.8814851113785597
2990,0.6165881723053004
2991,0.7880748683874916
2992,0.5832805958868625
2993,0.5035757651212727
2994,0.6236007222961903
2995,0.6471263477942142
2996,0.7178035310965816
2997,0.3441912039387156
2998,0.4704536465582854
2999,0.8135663867804291
3000,0.6995961178979223
3001,0.247875350641504
3002,0.6665927321738476
3003,0.7540466165621572
3004,0.3740351907231016
3005,0.433000667228999
3006,0.7393197394741233
3007,0.724961812971131
3008,0.6889917210861667
3009,0.3819834185564346
3010,0.1351414524573398
3011,0.20743734395692964
3012,0.6332026817866669
3013,0.7131548797770273
3014,0.46430698821923255
3015,0.7698527056438151
3016,0.8771036541003139
3017,0.2668852905080275
3018,0.5709892844644897
3019,0.7378118746268602
3020,0.45298857741630816
3021,0.6159867434018377
3022,0.48640731763217465
3023,0.4699326611374173
3024,0.4635826126655184
3025,0.5136244260980767
3026,0.6373067839255467
3027,0.3868415478522046
3028,0.5753617937007238
3029,0.30462151722557873
3030,0.5866876991736782
3031,0.7774566017823415
3032,0.5501910923984175
3033,0.28018546270544303
3034,0.8981097875850302
3035,0.47469595314036955
3036,0.9038821470709081
3037,0.522512723368949
3038,0.6772590950076887
3039,0.41338471991143655
3040,0.24635853558364948
3041,0.42696000856090605
3042,0.837213196632068
3043,0.7831055984578943
3044,0.33593261136598923
3045,0.3387040496070196
3046,0.7566864911595671
3047,0.6385973084045322
3048,0.4142709656130837
3049,0.7471532192742402
3050,0.7233590952522065
3051,0.7648905776739685
3052,0.5268930741374537
3053,0.6194831041865704
3054,0.6547967895439029
3055,0.7434178964189684
3056,0.3953104256729091
3057,0.7652891194939002
3058,0.4551986336546919
3059,0.4970321077508544
3060,0.8198707155093041
3061,0.3870716044970514
3062,0.4676027827943876
3063,0.508403270460449
3064,0.5796946325675933
3065,0.6060566155451931
3066,0.6275091443850473
3067,0.5846024678258475
3068,0.5285387896244647
3069,0.4156723849050818
3070,0.602279004778844
3071,0.5380777495253184
3072,0.9425675839422248
3073,0.17587085076597553
3074,0.8546272854542349
3075,0.6699902696772875
3076,0.34138254860192835
3077,0.3806005720496819
3078,0.47024573670857656
3079,0.44204210348461
3080,0.26335854161303685
3081,0.40719678955643046
3082,0.6696464111188202
3083,0.382583857478661
3084,0.19057646550948107
3085,0.6040749877463404
3086,0.2062352894049666
3087,0.2778689602972297
3088,0.7797698262275387
3089,0.7760475999231015
3090,0.683050560184448
3091,0.5781546488154451
3092,0.43809510212018876
3093,0.3098280513402304
3094,0.19006508039980632
3095,0.5707670182968301
3096,0.8755714328210086
3097,0.5945589484250396
3098,0.5324199683311236
3099,0.6021587013843293
3100,0.6157138968221264
3101,0.444534004607442
3102,0.7060848342769209
3103,0.8143984421618686
3104,0.5197662743441882
3105,0.36499045278102427
3106,0.7016180978967906
3107,0.48454068097587005
3108,0.8055227932258093
3109,0.34411191499933136
3110,0.4772274251290675
3111,0.5676016973367728
3112,0.542166110524142
3113,0.3916480717888971
3114,0.6165205567323826
3115,0.2532332908654
3116,0.5020177882788419
3117,0.4295230923934707
3118,0.6264878438561061
3119,0.6758162061173523
3120,0.35583390901087547
3121,0.3795479800309883
3122,0.5106646746289074
3123,0.402876684403818
3124,0.693827525111888
3125,0.5826984476388825
3126,0.280751125009672
3127,0.5700644344769622
3128,0.729523480992923
3129,0.5480053680666173
3130,0.6406600061560269
3131,0.3728943472299041
3132,0.25079699324360566
3133,0.5726834166642157
3134,0.5561982373967613
3135,0.4594409508833245
3136,0.5235574114277806
3137,0.6276419400303401
3138,0.8478226948494805
3139,0.6174003300883348
3140,0.7097661665476228
3141,0.3500188985269095
3142,0.39735487394813246
3143,0.35006649059368034
3144,0.6548694105210007
3145,0.4628209205423327
3146,0.7259900601240141
3147,0.44678830854531426
3148,0.8072673631030248
3149,0.4244138615298707
3150,0.8616704701653474
3151,0.5149323785104776
3152,0.2220921007550728
3153,0.41498710914648496
3154,0.42829806537370013
3155,0.30779206699798517
3156,0.49564498649524863
3157,0.3719691055015497
3158,0.7510935069579711
3159,0.48092284918266237
3160,0.4278386747681548
3161,0.5374386935966702
3162,0.7340037056065405
3163,0.8945600166793247
3164,0.23131198238344955
3165,0.7898001088106491
3166,0.3289982247060594
3167,0.3751439509324461
3168,0.5583249083605929
3169,0.8047505601349413
3170,0.6008038244341198
3171,0.5543628022574333
3172,0.6769842989478103
3173,0.32080629360610086
3174,0.8466993504971703
3175,0.21748749077553364
3176,0.38652904657381115
3177,0.7967537527955946
3178,0.25732454814205813
3179,0.6106786325097012
3180,0.27071712141793974
3181,0.5953508416731709
3182,0.8329685238421377
3183,0.7363313195501369
3184,0.8981395802870272
3185,0.7321196999692486
3186,0.39533843121213663
3187,0.4202545720725119
3188,0.8346004310885696
3189,0.37760050004072554
3190,0.6139479254687977
3191,0.2717236047039933
3192,0.25922051648064
3193,0.4335798656266645
3194,0.5535686421774928
3195,0.4240933270418034
3196,0.586209839811114
3197,0.6733035830665804
3198,0.32955049443316914
3199,0.5103409432585199
3200,0.6626041400566575
3201,0.4682293660877028
3202,0.652717797859934
3203,0.6155500917537884
3204,0.48795270015784353
3205,0.6790345890353707
3206,0.6944942497608976
3207,0.5463783784865947
3208,0.1991947608116028
3209,0.5588605038631793
3210,0.13360115758708777
3211,0.5605291733020275
3212,0.27921151078551415
3213,0.5201638998014932
3214,0.7545116346764573
3215,0.38568318302658683
3216,0.6371314559425804
3217,0.6442831246177233
3218,0.8861703111563337
3219,0.49800608347050584
3220,0.8188641070140715
3221,0.4975177714752841
3222,0.694164637402534
3223,0.4331888517368358
3224,0.24873971986436313
3225,0.7124234134175259
3226,0.6632060262452575
3227,0.6448054532153104
3228,0.17232651965844628
3229,0.5335172552626912
3230,0.7338789338620504
3231,0.7917132033063272
3232,0.5407525940571395
3233,0.33289236650136866
3234,0.6091538418293408
3235,0.4455579698414353
3236,0.9291553241216098
3237,0.6642942360226988
3238,0.19942837954820242
3239,0.5532639567378256
3240,0.38400780896986714
3241,0.47292749201315426
3242,0.5583183046009333
3243,0.7043848075472725
3244,0.29871139710727673
3245,0.665278970629853
3246,0.7679309072101759
3247,0.7869036447053205
3248,0.28772381626442706
3249,0.38019073142008686
3250,0.5638446787185194
3251,0.8260340372308612
3252,0.6026292481356194
3253,0.533360658734354
3254,0.6800395015174855
3255,0.3065912773415699
3256,0.392448409371396
3257,0.23907410775483123
3258,0.5358209268922625
3259,0.3048637894319597
3260,0.7663795469503779
3261,0.7400064941053718
3262,0.33232596873634845
3263,0.7734337795904993
3264,0.7191012742011353
3265,0.918734272306386
3266,0.5875779405825343
3267,0.7902012461036525
3268,0.6351362305743224
3269,0.3975887609247422
3270,0.7078930538297018
3271,0.6894584129116865
3272,0.44064129031636146
3273,0.47019991251679416
3274,0.586203946687559
3275,0.6319073546029363
3276,0.6065218345820614
3277,0.42799072668746035
3278,0.3279105065946828
3279,0.3127182320641711
3280,0.7437587339437329
3281,0.4965049761973096
3282,0.2529889704108969
3283,0.3927654233518025
3284,0.5606789555019684
3285,0.7937313906544838
3286,0.7003310027475546
3287,0.5218271381287388
3288,0.4278640265394663
3289,0.48775828287412554
3290,0.3699547992846123
3291,0.5647573602746121
3292,0.6759307019630921
3293,0.4981845216730621
3294,0.25193574017859743
3295,0.3316512137457172
3296,0.4038745691081234
3297,0.46777168781255046
3298,0.5749305782900506
3299,0.5474532959058492
3300,0.7144084115812288
3301,0.5502935192771511
3302,0.2587408921457693
3303,0.17844327903206217
3304,0.6523893752127836
3305,0.41255291960438417
3306,0.6691607743364294
3307,0.30759619095747676
3308,0.3300739626213358
3309,0.34331869253205494
3310,0.4747648469511739
3311,0.5792186523769605
3312,0.7161797251923194
3313,0.5915958048199352
3314,0.4314608740504828
3315,0.28905208558528084
3316,0.4757163855807713
3317,0.6097773871524338
3318,0.7445723870687257
3319,0.29943994110723493
3320,0.2184931639147931
3321,0.7441759147036202
3322,0.29735236574425794
3323,0.3009924731188563
3324,0.3309001305637408
3325,0.8639585117672993
3326,0.39022198087484705
3327,0.5043666259967601
3328,0.15704360727204328
3329,0.6139539186130354
3330,0.9788047750976531
3331,0.43596903328060566
3332,0.5016091263980252
3333,0.6009359717898421
3334,0.3586430863695105
3335,0.3403835609306079
3336,0.8121612063333576
3337,0.49490979899458654
3338,0.4164006114977988
3339,0.43192014230277215
3340,0.4059247097267811
3341,0.6780365260791771
3342,0.6673274245755964
3343,0.7253229424937522
3344,0.23177681284414026
3345,0.46275624137639254
3346,0.544105083945621
3347,0.428758995407572
3348,0.19624380040459521
3349,0.27980396205344604
3350,0.5302474170849891
3351,0.595378472729935
3352,0.30472049177658256
3353,0.4416296650981418
3354,0.22647060003814656
3355,0.2882730212835709
3356,0.12172483974859487
3357,0.3953515010407444
3358,0.5733709474577737
3359,0.6589722395949291
3360,0.5628165499542491
3361,0.5356184036374819
3362,0.4010221817441476
3363,0.6030380424722411
3364,0.8426512781752582
3365,0.5004678017989108
3366,0.5775239142489241
3367,0.8209060616468358
3368,0.4199685908821843
3369,0.9182777703745351
3370,0.4648842918678813
3371,0.41287479173208663
3372,0.19718888587966682
3373,0.7853708798459685
3374,0.8155534260726497
3375,0.7026450685267385
3376,0.6538814403383252
3377,0.5142607724038247
3378,0.8171901037779262
3379,0.9219110530667974
3380,0.5421970632991912
3381,0.26873399499533124
3382,0.3121091998166417
3383,0.5707796164573715
3384,0.36011237051508965
3385,0.3724270854617004
3386,0.5508513731868978
3387,0.602547909710073
3388,0.43434118792620946
3389,0.8214044072561144
3390,0.5757389278340028
3391,0.39784213476426344
3392,0.4210586924967103
3393,0.30140719958581363
3394,0.4982180931182082
3395,0.7567627946096516
3396,0.48409966841529756
3397,0.26363294171990254
3398,0.4213897825395678
3399,0.7206412895110876
3400,0.3432542385297836
3401,0.8778705662338492
3402,0.6861421248056541
3403,0.5080025128581354
3404,0.41109997577523577
3405,0.5037139268447768
3406,0.7144172811478612
3407,0.6395908876658409
3408,0.5742501029009779
3409,0.47687583237389725
3410,0.5499593926942169
3411,0.7135780329028105
3412,0.5361281725031071
3413,0.5138012364772488
3414,0.5192626857333208
3415,0.4832109449856224
3416,0.8830956181012908
3417,0.6321743176854631
3418,0.29345480426545334
3419,0.43813141749713425
3420,0.6744065660972651
3421,0.665011173783651
3422,0.8915228548101841
3423,0.7784416966838053
3424,0.5720888414096006
3425,0.5335729503098277
3426,0.4209848414760464
3427,0.599753553261927
3428,0.6711720003557197
3429,0.6686405514991403
3430,0.46381140644826824
3431,0.49670661529096194
3432,0.53166756419572
3433,0.14395866469746954
3434,0.6524231244450112
3435,0.402069181630945
3436,0.4898339062075761
3437,0.56521369215409
3438,0.43196701257759124
3439,0.47889210503870205
3440,0.20907396084682933
3441,0.5569330931799706
3442,0.45952224802475417
3443,0.3690649745115383
3444,0.6641457308605564
3445,0.41443437325296306
3446,0.4785933932371532
3447,0.5658787483475568
3448,0.5828586863860807
3449,0.7422165102812985
3450,0.46965129409581474
3451,0.6759044331329742
3452,0.4440741100776866
3453,0.5716377014922158
3454,0.5924633979285852
3455,0.2506213934341853
3456,0.7965828951578091
3457,0.6319168115068708
3458,0.27940595479290004
3459,0.5138316427033007
3460,0.4407895774378433
3461,0.705671932934522
3462,0.7159270241368467
3463,0.32038197185380607
3464,0.4335263039068393
3465,0.5880990298462293
3466,0.5807675714208294
3467,0.5321989208578501
3468,0.46605648517712794
3469,0.38954485711689896
3470,0.665117452762301
3471,0.6667973696182168
3472,0.38524651368316093
3473,0.16033642954030813
3474,0.23576456761574804
3475,0.7957938390695458
3476,0.7130571978509596
3477,0.39996503609367423
3478,0.7050386293305738
3479,0.39080740013082355
3480,0.39848880937358955
3481,0.20307048725613966
3482,0.6871037162984055
3483,0.5900869695737402
3484,0.2327580433410119
3485,0.5953586566933363
3486,0.43315577790507853
3487,0.18268091132172357
3488,0.6169247066272102
3489,0.8121028754086816
3490,0.4069279738161096
3491,0.43778983097851143
3492,0.3435971610584765
3493,0.6395304767660733
3494,0.721704241916239
3495,0.6726643685214986
3496,0.34626516537325214
3497,0.42537586003282785
3498,0.6438426636203499
3499,0.40530415688474375
3500,0.8599500477227151
3501,0.6235162320638173
3502,0.7669210469544785
3503,0.3411925490064076
3504,0.335041959078203
3505,0.7095489170191902
3506,0.11766129152842798
3507,0.5995626575003862
3508,0.6955885573713287
3509,0.5242307619008144
3510,0.6785915889446098
3511,0.641118454945222
3512,0.3372220995941187
3513,0.6688722222214335
3514,0.49909467799199275
3515,0.38732865353174323
3516,0.4923590077816138
3517,0.47822007214797413
3518,0.17445472197676237
3519,0.5858120410473289
3520,0.5078489656204858
3521,0.6379974307331715
3522,0.49880218747292365
3523,0.3058054380855359
3524,0.7096540805963029
3525,0.39622244314451577
3526,0.6384301957742219
3527,0.36014272135117564
3528,0.5171118767565439
3529,0.47137774662836557
3530,0.7997599457973926
3531,0.8622395135742021
3532,0.2425723485556232
3533,0.3786935612365729
3534,0.5216139744470754
3535,0.4940023115536893
3536,0.8452726497380917
3537,0.603395301972333
3538,0.2854454220494035
3539,0.6184227020552749
3540,0.4606095475397967
3541,0.43781482271299915
3542,0.6433590946288985
3543,0.4351434641358391
3544,0.5883598717323628
3545,0.305801279854372
3546,0.45647942731872543
3547,0.7022380887829092
3548,0.5407371131632864
3549,0.8016394850063031
3550,0.4116214155805526
3551,0.5331318475417209
3552,0.7939815710743537
3553,0.4854361409934528
3554,0.3920498039999175
3555,0.640193993527839
3556,0.7118996294025506
3557,0.6635478723577323
3558,0.6020067060384682
3559,0.43936342609042994
3560,0.5285169057040638
3561,0.5289317879345348
3562,0.9223305853930672
3563,0.42128737990920506
3564,0.6006643838462354
3565,0.6883818093075582
3566,0.514517332821197
3567,0.3540496009894753
3568,0.6859535150991534
3569,0.7763670238904421
3570,0.4170095404447336
3571,0.6202578153884095
3572,0.2814637080612681
3573,0.6722714132034576
3574,0.5201421124095811
3575,0.32548784666015484
3576,0.3211036532379013
3577,0.5116066541921187
3578,0.45236958242473496
3579,0.8539233081699009
3580,0.6957399375819746
3581,0.33069949028416934
3582,0.29529467151582106
3583,0.5382398906631375
3584,0.5117494966153783
3585,0.6771340960914529
3586,0.9087750741312071
3587,0.2765784047019361
3588,0.8339434488872952
3589,0.6481900668301293
3590,0.5830301597476144
3591,0.4114433612375454
3592,0.2853858501855631
3593,0.4852980164017933
3594,0.4148011415786566
3595,0.5352345914731967
3596,0.5354478446934057
3597,0.5224439896408575
3598,0.5621488749490156
3599,0.6177519186940237
3600,0.2690487515890975
3601,0.4360499646195672
3602,0.29312703848987043
3603,0.6656995383003832
3604,0.733014649130827
3605,0.7252857477304855
3606,0.4158613849015705
3607,0.6720712688561642
3608,0.7876825139108775
3609,0.2425218696137949
3610,0.36291128718425375
3611,0.4871789028416468
3612,0.797799667270488
3613,0.6071095593499394
3614,0.6901501566925673
3615,0.23847643306711305
3616,0.4827433427411838
3617,0.6947273477669775
3618,0.7483002218083012
3619,0.363226472070641
3620,0.8465325155081178
3621,0.7120655990324725
3622,0.5440581065372128
3623,0.2919755910304426
3624,0.8361608705259358
3625,0.47149809995601655
3626,0.2756934993092371
3627,0.10871418628013517
3628,0.8203436045647582
3629,0.11604587791498767
3630,0.13165933024720225
3631,0.3719830649050277
3632,0.44666737698843234
3633,0.33290460210976675
3634,0.33088181785996945
3635,0.5095068168076257
3636,0.8250909859655361
3637,0.9114361653324536
3638,0.5503714555892325
3639,0.4843800696992613
3640,0.41946624937053584
3641,0.38148272438257635
3642,0.675439175456696
3643,0.38021548746314054
3644,0.4349366647139369
3645,0.4866955944142195
3646,0.8941152778601262
3647,0.705210292256667
3648,0.6704989965470971
3649,0.37181355486328554
3650,0.44439845779913795
3651,0.5744987672285555
3652,0.41999103346663996
3653,0.3317081141797258
3654,0.5469842315529934
3655,0.6007948804685674
3656,0.4975727864517531
3657,0.6286979396757504
3658,0.6767497664643449
3659,0.4985328365412467
3660,0.5635516958917505
3661,0.3423483021222421
3662,0.7430070868007178
3663,0.3474458898755008
3664,0.6828876464581575
3665,0.7075424335059629
3666,0.660898610206937
3667,0.6374791864478436
3668,0.1884497701022484
3669,0.4905179337999472
3670,0.6525666158546678
3671,0.39788292946521725
3672,0.8541078705539836
3673,0.43563606876622063
3674,0.3578078609657148
3675,0.5524532136838132
3676,0.39547324797872213
3677,0.1591825445753455
3678,0.4961121442900751
3679,0.3571367508793213
3680,0.6292785139189421
3681,0.3934684463911845
3682,0.5459507278173626
3683,0.7950524446698787
3684,0.6995797784768614
3685,0.11030408230011486
3686,0.7486949443500207
3687,0.3089100378856546
3688,0.32405835536555944
3689,0.3415681840323009
3690,0.46138561024027164
3691,0.42064586622843236
3692,0.6671621195185705
3693,0.41232494461924896
3694,0.7365307103086705
3695,0.6490318308238576
3696,0.4899195350997379
3697,0.6703083257937946
3698,0.7305455262985028
3699,0.4869910220603543
3700,0.6832655909842171
3701,0.6139632438516052
3702,0.3072848128001775
3703,0.8292809578061393
3704,0.6016109962284003
3705,0.6450458548239584
3706,0.4142689523957717
3707,0.5094540422478357
3708,0.6477195892564426
3709,0.2640362735588034
3710,0.4699228275943785
3711,0.34010756023674876
3712,0.6635474971289924
3713,0.5816406408626376
3714,0.7838421961805611
3715,0.5833961462572282
3716,0.7208938461203253
3717,0.5564322145066837
3718,0.8507683813818271
3719,0.8551944389939229
3720,0.4229438373025048
3721,0.2830176019377503
3722,0.22890648467715188
3723,0.35278470148288843
3724,0.1298107775121271
3725,0.4528214454183014
3726,0.33913526138512756
3727,0.1759392981372418
3728,0.3344948260745332
3729,0.3416348684287975
3730,0.6916475670923304
3731,0.4993912804778522
3732,0.40783925758910133
3733,0.5505047576666119
3734,0.7444086573669433
3735,0.36899918077378063
3736,0.33622745877202154
3737,0.8272581031522319
3738,0.4043500392584674
3739,0.26028935006284154
3740,0.5464039505084178
3741,0.508386348803335
3742,0.5037189260149365
3743,0.6376257410090768
3744,0.7809725906213388
3745,0.5308392119160846
3746,0.5311112044555223
3747,0.8723374755545945
3748,0.356083701167863
3749,0.4201918555359245
3750,0.44944131044724045
3751,0.6145392705318775
3752,0.8912345506290869
3753,0.804250770491955
3754,0.8881301553159084
3755,0.5126701054932682
3756,0.5838734928402995
3757,0.5874426995047621
3758,0.4651639670863747
3759,0.5407180555545937
3760,0.7187272705972934
3761,0.31257578132355046
3762,0.8818331754598991
3763,0.44120896882570804
3764,0.7475487825028592
3765,0.4614599351193486
3766,0.6089619040633041
3767,0.6477585191047305
3768,0.6854719652692004
3769,0.4453310338738376
3770,0.31290411219630876
3771,0.2210063144390602
3772,0.4470905235811984
3773,0.600371492029666
3774,0.28441056480201077
3775,0.41565925612730403
3776,0.5272100405065854
3777,0.42096149575490166
3778,0.4266897273722273
3779,0.6438873451182094
3780,0.398867413804788
3781,0.39489820370771306
3782,0.4470765937254167
3783,0.472742216805025
3784,0.27159519854700775
3785,0.4565843059042334
3786,0.8104189177869816
3787,0.5040783743976686
3788,0.5272389905575546
3789,0.5888391121240373
3790,0.5198281202345996
3791,0.38046401647022055
3792,0.2591803166329079
3793,0.3342340746884397
3794,0.7934032729773108
3795,0.4222163838153243
3796,0.40704545011098336
3797,0.7974982339543841
3798,0.4245624790653217
